snapshot_date,voice_id,public_owner_id,name,language,locale,accent,gender,age,descriptive,use_case,category,usage_character_count_1y,usage_character_count_7d,cloned_by_count,featured,rate,preview_url,description
2026-08-15,6OzrBCQf8cjERkYgzSg8,0a9042686a978259e40dcbdcfb3993bf397bf8fb64e3e343984cdf7ceabb044e,Young Jamal,en,en-US,american,male,young,chill,social_media,high_quality,20732838223,12479050,232582,false,1,https://storage.googleapis.com/eleven-public-prod/custom/voices/6OzrBCQf8cjERkYgzSg8/YmWdAA5ju6tNyK5Zl104.mp3,Young Black African American voice. Perfect for casual conversation and social media voice overs to add spice into your creations.
2026-08-15,kPzsL2i3teMYv0FxEYQ6,e70117aeedd1f2d59cffcc96e42961819238d6ce7ec83e34fad935c7db9e95ec,"Brittney - Social Media Voice - Fun, Youthful & Informative",en,en-US,american,female,young,upbeat,social_media,high_quality,14928898135,241239643,986164,false,1,https://storage.googleapis.com/eleven-public-prod/custom/voices/kPzsL2i3teMYv0FxEYQ6/4sLh92VdgT3Hppimhb4W.mp3,"A young, vibrant female voice that is perfect for celebrity news, hot topics, and fun conversation. Great for YouTube channels, informative videos, how-to's, and more!"
2026-08-15,UgBBYS2sOqTuMpoF3BR0,024c9393c6380665357f60b1062c863cd635d79791f13d6f0a834a319d5ff56c,Mark - Natural Conversations,en,en-US,american,male,young,casual,conversational,high_quality,13756680818,364927672,3778240,false,1,https://storage.googleapis.com/eleven-public-prod/database/workspace/f94e260200764678babc807b935bfb0b/voices/UgBBYS2sOqTuMpoF3BR0/0Oc7jiXwWN9kRTXfQsmw.mp3,"A casual, young-adult speaking in a natural manner. Perfect for Conversational AI."
2026-08-15,CaJslL1xziwefCeTNzHv,5d0a801649832bdc90fc6b58ac890a1e97cce61eba920e8a5313f08f4dcdfde2,Cristina Campos - Friendly and Soft,es,es-AR,latin american,female,young,casual,conversational,professional,13041516534,53016094,35439,false,1,https://storage.googleapis.com/eleven-public-prod/database/workspace/c093a158b7da4dadb8f9a5fae10b7211/voices/CaJslL1xziwefCeTNzHv/piQKkajjFXnelvIxcX33.mp3,Middle aged mexican female with a friendly conversational tone. Great for live conversations.
2026-08-15,kcQkGnn0HAT2JRDQ4Ljp,b8cf26021a2ac6dc9844a696dd285d45cf08a600b354a29300f25de0ee898f4d,"Norah - Warm, Friendly and Clear",es,es-AR,latin american,female,young,professional,conversational,high_quality,11429123593,29431748,79586,false,1,https://storage.googleapis.com/eleven-public-prod/database/user/MwAclikwqMOxiQmgjqQl9NjIjLx2/voices/kcQkGnn0HAT2JRDQ4Ljp/orjDdvv8Gd5hsrqKoNSi.mp3,"Excels at delivering warm, professional, and natural-sounding interactions. Norah is a young Latin American voice tailored for customer service and conversational AI. Her clear tone, friendly cadence, and neutral accent make her ideal for virtual assistants, help desks, and automated support systems. Whether guiding users or handling client inquiries, Norah adds a human touch to every interaction."
2026-08-15,dlGxemPxFMTY7iXagmOj,615d2b8bda021af8e423fe2ac2467be802ba8efda45b0afe6d49c32e299ee9c3,"Fernando Martínez - Rapid, Persuasive",es,es-AR,latin american,male,middle_aged,casual,narrative_story,high_quality,11136793360,88043576,507969,false,1,https://storage.googleapis.com/eleven-public-prod/custom/voices/dlGxemPxFMTY7iXagmOj/lQty6bCYbkLtTgnwqvDs.mp3,Middle aged casual male voice. Ideal for narrations.
2026-08-15,OtEfb2LVzIE45wdYe54M,7398804d9eaf2f463899a907587c33a390591775784f87857b6d0e1e4e3e66f6,"Zara - Soft, Professional and Gentle",hi,hi-IN,standard,female,young,classy,conversational,high_quality,7996418395,125793328,45976,false,1,https://api.us.elevenlabs.io/v1/voices/OtEfb2LVzIE45wdYe54M/previews/audio?payload=eyJ2b2ljZV9zb3VyY2UiOiJjdXN0b20iLCJ3b3Jrc3BhY2VfaWQiOiJlZDliMDVlNjMyNGM0NTc2ODU0OTAzNTJlOWExZWM5MCIsImZpbGVuYW1lIjoiNXlTUXNCQ1BCcTFLa0dCdm1HTGgubXAzIiwidGltZXN0YW1wIjoxNzg2ODEzMjAwMDAwMDAwfQ%3D%3D,"Zara’s voice blends husky softness with gentle politeness, making her an ideal choice for customer service in banking, insurance, and NBFC sectors. Her naturally calm tone instills trust and ensures a smooth, non-intimidating experience—perfect for inbound queries, verification calls, and sensitive customer interactions. She has been fine-tuned for BFSI use cases and can be seamlessly integrated into platforms like IVR systems, WhatsApp bots, and voice-enabled mobile apps."
2026-08-15,v3V1d2rk6528UrLKRuy8,e7fea8016e07cbf918ca753255d7085b26536539ab23d1c18100164e2a920dfc,Susi - Effortless and Confident,de,de-DE,standard,female,middle_aged,calm,conversational,high_quality,6716888536,69421043,69548,false,1,https://storage.googleapis.com/eleven-public-prod/1KI0h0RJuscE0Ta9tVvydENJ9JF3/voices/v3V1d2rk6528UrLKRuy8/8aab3a1d-2faf-4de4-b229-f3a2ebb21c43.mp3,"Imagine the voice of the telemarketing assistant as soothing and melodic, with a clear, crisp tone that conveys both warmth and professionalism. Her speech is rhythmic and confident, effortlessly modulating to match the mood of the conversation. She possesses a subtle accent that adds a unique charm to her interactions, making her sound approachable and friendly. Her laughter is light and genuine, breaking into her speech naturally when the conversation allows."
2026-08-15,KYiVPerWcenyBTIvWbfY,7398804d9eaf2f463899a907587c33a390591775784f87857b6d0e1e4e3e66f6,"Sia - Friendly, Helpful and Reassuring",hi,hi-IN,standard,female,young,pleasant,conversational,professional,6561408020,12301514,20054,false,1,https://api.us.elevenlabs.io/v1/voices/KYiVPerWcenyBTIvWbfY/previews/audio?payload=eyJ2b2ljZV9zb3VyY2UiOiJjdXN0b20iLCJ3b3Jrc3BhY2VfaWQiOiJlZDliMDVlNjMyNGM0NTc2ODU0OTAzNTJlOWExZWM5MCIsImZpbGVuYW1lIjoiQlJXeGFrM1JPWFNXclBtRVpMNHMubXAzIiwidGltZXN0YW1wIjoxNzg2ODEzMjAwMDAwMDAwfQ%3D%3D,"A warm, approachable voice built for easy, human-like customer interactions.

Sia’s cheerful and supportive tone makes users feel heard and understood. Whether assisting on mobile apps, IVR systems, chatbots, or web platforms, her voice brings calm, clarity, and comfort to every conversation. Ideal for ecommerce, fintech, healthcare, and consumer tech support, Sia ensures every query feels like it’s handled by a helpful human."
2026-08-15,oPC5I9GKjMReiaM29gjY,991994d44c6bfe4b3978666d09e5539d22ad7a82e1ffc137334d524a61057e0f,"Gökçe Deniz - Joyful, Friendly and Warm",tr,tr-TR,istanbul,female,young,cute,conversational,professional,5707195164,1352149,11906,false,1,https://api.us.elevenlabs.io/v1/voices/oPC5I9GKjMReiaM29gjY/previews/audio?payload=eyJ2b2ljZV9zb3VyY2UiOiJjdXN0b20iLCJ3b3Jrc3BhY2VfaWQiOiJiMzI5NWZkNzdhMDM0Y2I2YTAzYmQ5YjRlNmM5ZjcwMyIsImZpbGVuYW1lIjoiVENIcHZocG9TMm5aN3djdVQ2UHkubXAzIiwidGltZXN0YW1wIjoxNzg2ODEzMjAwMDAwMDAwfQ%3D%3D,"The voice of a young Turkish woman. A fun, energetic, and emotional woman. An exciting, dynamic, clear tone suitable for storytelling. perfect for tutorials, tech reviews, and engaging content. Slight warmth and confidence ideal for connecting with a broad audience"
2026-08-15,NOpBlnGInO9m6vDvFkFC,ae23ca715ed6b339e4ad22f2d45dd40b36a6449e031b4f8970bfe29524bd1bbc,Spuds Oxley - Wise and Approachable,en,en-US,american,male,old,gentle,conversational,high_quality,5675830592,30473996,2518593,false,1,https://storage.googleapis.com/eleven-public-prod/database/user/Bi4YhYxPTDRSUfiEpED4qyJ0biq2/voices/NOpBlnGInO9m6vDvFkFC/M4xySW4rr1SbAKKwMAtI.mp3,A friendly grandpa who knows how to enthrall his audience with tall tales and fun adventures.
2026-08-15,l1zE9xgNpUTaQCZzpNJa,7bc0a029a3367b325b55ae78d5d1ac6c17c73d4db23797822acb4a2ba5c4a6a0,"Alberto Rodríguez - Serious, Narrative",es,es-AR,latin american,male,middle_aged,casual,narrative_story,high_quality,5250958574,36711888,1086953,false,1,https://storage.googleapis.com/eleven-public-prod/custom/voices/l1zE9xgNpUTaQCZzpNJa/sF0SJSVjERJtMSqfZLPN.mp3,"Adult male voice, serious tone, ideal for narrations."
2026-08-15,IRHApOXLvnW57QJPQH2P,7f002cc08b25f133975f64e7400e04182de633b1fc447e277e57871888ffead6,"Adam - American, Dark and Tough",en,en-US,american,male,middle_aged,intense,characters_animation,high_quality,4740033805,122824201,1962581,false,1,https://api.us.elevenlabs.io/v1/voices/IRHApOXLvnW57QJPQH2P/previews/audio?payload=eyJ2b2ljZV9zb3VyY2UiOiJjdXN0b20iLCJ1c2VyX2lkIjoiNEdXZzBVd1FLWGJpVkZPMFRybDRqTURTVGI4MiIsImZpbGVuYW1lIjoiNzc1ODgyMmYtYzk4Yy00ZGI5LWFiMGEtMTg2YjZhMTNiZTFhLm1wMyIsInRpbWVzdGFtcCI6MTc4NjgxMzIwMDAwMDAwMH0%3D,"A tough hero, weathered by years of experience. American accent."
2026-08-15,aQROLel5sQbj1vuIVi6B,b247dc107f092f9c7fd88dd7ac6a4e149890d670ca93290b7924034b604422c1,Nicolas - Narrator,fr,fr-FR,parisian,male,middle_aged,professional,narrative_story,high_quality,4069579374,19459289,765298,false,1,https://storage.googleapis.com/eleven-public-prod/database/workspace/7593eab373974d1db7d45255c5986d46/voices/aQROLel5sQbj1vuIVi6B/shwzqRrR51OISZWUl7EN.mp3,Middle aged French male voice. Ideal for audioguide and all narration projects.
2026-08-15,33B4UnXyTNbgLmdEDh5P,c5b0c3c8dfdca43f9969078cb5a4f26cbf45794aefe2a7fb929d94dc05aee26d,"Keren - Sweet, Vibrant and Rhythmic",pt,pt-BR,brazilian,female,young,excited,narrative_story,professional,3941091853,48010668,132182,false,1,https://storage.googleapis.com/eleven-public-prod/custom/voices/33B4UnXyTNbgLmdEDh5P/ArnzDsFaz6KDoDcDD8V2.mp3,"Young female with a sweet and pleasant voice, embodying the vibrant energy typical of someone in their twenties. With a perfectly rhythmic tone, the voice is ideal for narrating scripts and stories, providing a cadence that captivated listeners. This quality made the voice perfect for content creation, as it conveyed emotion and maintained the interest of the audience effortlessly."
2026-08-15,9F4C8ztpNUmXkdDDbz3J,ee0183bb1c4ecf58baa57bdfd4dcdcdbd7c28344b9e1431d4200708bb04f375b,"Dan - Upbeat, Dynamic and Friendly",es,es-US,american,male,young,excited,social_media,professional,3684506370,31112171,833717,false,1,https://storage.googleapis.com/eleven-public-prod/oDQDaQK0SGT9AtdG8VDe17L4KjX2/voices/9F4C8ztpNUmXkdDDbz3J/4d3e2bc3-b9f8-4bf0-84b2-22e0c15102f6.mp3,An upbeat and modulate voice. Great for shorts and social media.
2026-08-15,FZkK3TvQ0pjyDmT8fzIW,7398804d9eaf2f463899a907587c33a390591775784f87857b6d0e1e4e3e66f6,"Bunty - Punchy, Crisp and Reel King",hi,hi-IN,standard,male,young,excited,social_media,high_quality,3313717793,169356175,1398345,false,1,https://storage.googleapis.com/eleven-public-prod/database/workspace/ed9b05e6324c457685490352e9a1ec90/voices/FZkK3TvQ0pjyDmT8fzIW/opgBS6JEyrQnlsYlwCAj.mp3,"A vibrant AI voice crafted for content creators, influencers, and digital storytellers.

Bunty’s natural, expressive tone makes videos feel relatable and compelling, perfect for YouTube shorts, Instagram reels, and TikTok trends. His engaging style enhances storytelling, promotions, and entertainment content, keeping audiences hooked. Designed for creators looking to boost engagement and authenticity in Hindi-language content, Bunty delivers a smooth and dynamic performance."
2026-08-15,ueSxRO0nLF1bj93J2hVt,24af9bca24b537e7fdb690afb6757bedeb6182471c2b54ebf6737884e4b3d8f6,"Trung Caha - Clear, Firm and Informative",vi,vi-VN,northern,male,middle_aged,crisp,conversational,high_quality,2929570922,2973600,85792,false,1,https://api.us.elevenlabs.io/v1/voices/ueSxRO0nLF1bj93J2hVt/previews/audio?payload=eyJ2b2ljZV9zb3VyY2UiOiJjdXN0b20iLCJ1c2VyX2lkIjoieTZmS1RGRUc3RWUxN1oxekRaSG9HRk5zVktZMiIsImZpbGVuYW1lIjoiZGU0YWM2ZTktNzVkNy00NGM1LWJiNTAtMjMwNWRmZGRhMjgwLm1wMyIsInRpbWVzdGFtcCI6MTc4NjgxMzIwMDAwMDAwMH0%3D,Middle aged Vietnamese male voice. Great for conversations. Miền Bắc.
2026-08-15,3EuKHIEZbSzrHGNmdYsx,3ab20ab8564639791969cc67bb092b3f7492e9f622463792af92d2b35ae2c1aa,"Nikolay - Confident, Clear and Engaging",ru,ru-RU,standard,male,middle_aged,confident,social_media,professional,2887767700,7276319,764762,false,1,https://storage.googleapis.com/eleven-public-prod/database/workspace/fbf84673baa740ae87ecf80121645a80/voices/3EuKHIEZbSzrHGNmdYsx/eDCArYD3qxTq5zrHJjYL.mp3,Middle-aged Russian male with a confident tone. Great for Social media.
2026-08-15,hIssydxXZ1WuDorjx6Ic,5900d21f3915dcc6556b7a9b57171dc028a2fd886c920b9819efb75100732fa2,"Adam - Serious, Rich, and Smoky",pl,pl-PL,mazovian,male,middle_aged,calm,narrative_story,high_quality,2650654111,46895947,412014,false,1,https://storage.googleapis.com/eleven-public-prod/database/user/OL55YKALeab7lyIfDKwe0l2b1bR2/voices/hIssydxXZ1WuDorjx6Ic/kNa9LiskFM0zlZprIFgg.mp3,"Polish male voice, warm and calm voice."
2026-08-15,gJEfHTTiifXEDmO687lC,810035bb0570f7b4d2c167d14d8ea5bde595b042e89a96e29991818087d29c29,"Prince Nur - Deep, Rich and Balanced",ru,ru-RU,standard,male,young,confident,narrative_story,professional,2515445436,2499287,667374,false,1,https://storage.googleapis.com/eleven-public-prod/database/user/lJ828Qq43ZUVkWzzuPT8tmVIlVB3/voices/gJEfHTTiifXEDmO687lC/bvLjXgefFonQ8qV9UFjN.mp3,"Fragrant velvet voice. A tempting combination of low shades with hot notes will emphasize the depth and richness of your reel, shorts or audiobook."
2026-08-15,qByVAGjXwGlkcRDJoiHg,ca884bf8fb6a7ba5930a034ff530ea36f1e78c440426909ecca8e834445a273d,Kiều Linh,vi,vi-VN,standard,female,young,confident,advertisement,professional,2217950508,794602,23988,false,1,https://storage.googleapis.com/eleven-public-prod/database/workspace/29ca19d1407e47fc86008497a8499f88/voices/qByVAGjXwGlkcRDJoiHg/e95723e3-1ba6-4b30-b302-6e4bcbf5b808.mp3,"Authentic & Confident — A real Vietnamese female voice with a natural Ho Chi Minh City accent. Trained on a broad and diverse body of recordings across multiple vocal styles, from casual conversation and mindfulness narration to formal speeches and high-energy commercial delivery. Clear, articulate, and emotionally adaptable, this voice is well suited for audiobooks, e-learning, brand narration, advertising copy, and general voiceover applications."
2026-08-15,7eVMgwCnXydb3CikjV7a,9104f466a293c99963e66f347b8faf904dc65dec464c358ebfd0a893a325ef96,Lea - Clear and Feminine,de,de-DE,standard,female,middle_aged,calm,narrative_story,high_quality,2070488807,3471876,111239,false,1,https://storage.googleapis.com/eleven-public-prod/custom/voices/7eVMgwCnXydb3CikjV7a/zMitELWPfkgqNXLr2X9t.mp3,"A clear and attractive mature female German voice. Perfect for German language, but great for English with a German accent too. Her entrancing and sexy voice is ideal for accurate German narration or voiceovers of audiobooks, advertising, gaming and social media."
2026-08-15,plgKUYgnlZ1DCNh54DwJ,d97f5ad7ad5d061bf0f3a0588b6f29b87db70f32e955f24cd68b9a0607a9849c,"Dakocan - Expressive, Cheerful and Clear",id,id-ID,standard,male,young,casual,social_media,high_quality,2028247578,3419813,156192,false,1,https://storage.googleapis.com/eleven-public-prod/database/workspace/3eec0209b926438181358e9dff604f79/voices/plgKUYgnlZ1DCNh54DwJ/HejSq6IywpJ4DZNrJGpv.mp3,"An Indonesian young adult male voice with casual tone. Applicable for podcast, casual voice over and storytelling."
2026-08-15,McVZB9hVxVSk3Equu8EH,9829617f54e50f6c2c19c3d00fb79943933789ef5c5bf78cb906a3880dd294e8,Audrey - Energetic Commercial,fr,fr-FR,standard,female,middle_aged,professional,advertisement,high_quality,1949768247,4677792,205581,false,1,https://storage.googleapis.com/eleven-public-prod/custom/voices/McVZB9hVxVSk3Equu8EH/fQOpiFrrNtzg6dglRCvf.mp3,Middle aged female voice. Suitable for Commercials.
2026-08-15,Nh2zY9kknu6z4pZy6FhD,e9a6840c69b79812b77ea81fa11d55aaf80dcf1938fa0137bf7f514f67f75c99,David Martin - Confident and Balanced,es,es-ES,peninsular,male,young,confident,narrative_story,high_quality,1933481038,8458264,1293321,false,1,https://storage.googleapis.com/eleven-public-prod/database/user/8RYUsFHsalUXjwVG0LjhNwH1j022/voices/Nh2zY9kknu6z4pZy6FhD/5VD3I67SoLbajJEbw7rH.mp3,Young Spanish-Castillian male with a confident tone. Works well for Storytelling.
2026-08-15,6vTyAgAT8PncODBcLjRf,d4e9c130f8cfcae0d7b09451a29827b65be3a92681d56b0fe3aff833530be8b5,"Claire - Warm, Pretty and Charming",fr,fr-FR,standard,female,middle_aged,casual,narrative_story,professional,1928853261,7523046,26960,false,1,https://api.us.elevenlabs.io/v1/voices/6vTyAgAT8PncODBcLjRf/previews/audio?payload=eyJ2b2ljZV9zb3VyY2UiOiJjdXN0b20iLCJ3b3Jrc3BhY2VfaWQiOiI3MGVjMWRhNGU4NGQ0MjdjODQxNWQzZjJiODk4YzlkOCIsImZpbGVuYW1lIjoiS1Z5dVp5QUFYZlNYcXBsVEVybFgubXAzIiwidGltZXN0YW1wIjoxNzg2ODEzMjAwMDAwMDAwfQ%3D%3D,"Middle aged female with a Warm and engaging, conversational style voice."
2026-08-15,W71zT1VwIFFx3mMGH2uZ,d0bc74494e98081c4e15ba13dc421de4c9112aa6b7715616e49e2abad7b7a8b6,"MarcoTrox - Warm, Balanced and Polished",it,it-IT,standard,male,middle_aged,intense,narrative_story,high_quality,1872623679,6664706,480193,false,1,https://storage.googleapis.com/eleven-public-prod/database/user/PmcWCeDWyhXdgWnKoeG8s6OvV0L2/voices/W71zT1VwIFFx3mMGH2uZ/rnNCyOY4g9O3iiz8jRAb.mp3,"Middle-aged Italian, professional voice actor. Ideal for audiobooks, storytelling and narration."
2026-08-15,K75lPKuh15SyVhQC1LrE,43bae71b00e097a0f084eb67a7325e699c031138edffc9ac20bae46940f7d69e,Carola - Sharp and Clear,de,de-DE,unknown,female,middle_aged,calm,informative_educational,professional,1832347003,28048843,9523,false,1,https://storage.googleapis.com/eleven-public-prod/5ei0MqicAANlsSFIQjEs6ffqAsA3/voices/K75lPKuh15SyVhQC1LrE/4148b6cd-757d-4551-992d-2b218a520ef5.mp3,A middle aged German pleasant female voice with dynamics and warmth. Works well for Educational content.
2026-08-15,kdmDKE6EkgrWrrykO9Qt,f995f689648bc413c1b7fb9ec8524f634e4d32f5030ee172ef6d847ba9dc5ee9,Alexandra - Conversational and Natural,en,en-US,american,female,young,casual,conversational,high_quality,1725567466,84422592,247129,false,1,https://storage.googleapis.com/eleven-public-prod/database/workspace/1df4b21393b74964b03d3690a173eb80/voices/kdmDKE6EkgrWrrykO9Qt/yJT6XwhJHSWv3Pb05OIk.mp3,"Youthful and authentic, with a conversational tone that's relatable and down-to-earth."
2026-08-15,ZJCNdZEjYwkOElxugmW2,219e2c24fb2ce1f2a9727325609ced8e5548e2320fdd30d5f0e774c19e0604f8,Hyuk - Cold and Clear,ko,ko-KR,standard,male,middle_aged,relaxed,narrative_story,high_quality,1720797575,4985424,352376,false,1,https://storage.googleapis.com/eleven-public-prod/database/user/hSWXaUomcSNh92DBdVimNedwBFB2/voices/ZJCNdZEjYwkOElxugmW2/dOgEto9Z9e1UqrYhRSe0.mp3,Middle aged Soft and emotional Korean male voice. Great for Narration & Storytelling.
2026-08-15,FTNCalFNG5bRnkkaP5Ug,80d9191368f6824d0aacf4080a0894aecb0c4bdd82928eb623e585caf54a84b7,Otto - Casual and Normal,de,de-DE,standard,male,middle_aged,calm,narrative_story,high_quality,1707996150,8527923,364016,false,1,https://storage.googleapis.com/eleven-public-prod/custom/voices/FTNCalFNG5bRnkkaP5Ug/MQ8WiEa4ozV4HevPeMba.mp3,"A calm male German studio-quality voice. Perfect for German language and English with a German accent. Otto's clear, easy-to-understand narration is excellent for German voiceovers, audiobooks and podcasts, accurate video dubbing, advertising, and social media such as Reels, Stories, and YouTube."
2026-08-15,AnvlJBAqSLDzEevYr9Ap,9104f466a293c99963e66f347b8faf904dc65dec464c358ebfd0a893a325ef96,"Ava - Youthful, Authentic and Friendly",de,de-DE,standard,female,young,pleasant,narrative_story,high_quality,1359471633,4482799,71921,false,1,https://storage.googleapis.com/eleven-public-prod/custom/voices/AnvlJBAqSLDzEevYr9Ap/WMSO4Wuwrzy81szsGlvY.mp3,"A youthful and well-spoken female German voice. Perfect for German language, but great for English with a German accent too. 
Her neutral accent is easily understandable and perfect for accurate German narration or voiceovers of audiobooks, advertising, gaming and social media. 
Eine jugendliche, frische und wortgewandte weibliche deutsche Stimme. Die Studioqualität garantiert, dass sie mit ihrer klaren und fesselnden Stimme ihre Audio-Projekte bereichern wird."
2026-08-15,1qEiC6qsybMkmnNdVMbK,f87f057c2250691953ac2e6227859706764bd08c88a055a18c74261957885a51,Monika Sogam - Calm and Natural,hi,hi-IN,standard,female,middle_aged,professional,narrative_story,high_quality,1330928604,19044700,1149563,false,1,https://api.us.elevenlabs.io/v1/voices/1qEiC6qsybMkmnNdVMbK/previews/audio?payload=eyJ2b2ljZV9zb3VyY2UiOiJjdXN0b20iLCJ3b3Jrc3BhY2VfaWQiOiI1MTRkOTRlOTI0MWM0OGU4Yjc5MDUzNzU3MjljNDM2ZiIsImZpbGVuYW1lIjoiM0FWQVFCWHUwdllzSXJnRGM2RmEubXAzIiwidGltZXN0YW1wIjoxNzg2ODEzMjAwMDAwMDAwfQ%3D%3D,"Monika Sogam is already a pretty loved voice on ElevenLabs in the English Indian category. Now it is available in Hindi too. This is a perfect voice for social media, audiobooks, and any type of conversational audio you might be looking for."
2026-08-15,H5xTcsAIeS5RAykjz57a,5900d21f3915dcc6556b7a9b57171dc028a2fd886c920b9819efb75100732fa2,Alex - Warm Storyteller,pl,pl-PL,standard,male,middle_aged,classy,informative_educational,high_quality,1087780243,7527791,560121,false,1,https://api.us.elevenlabs.io/v1/voices/H5xTcsAIeS5RAykjz57a/previews/audio?payload=eyJ2b2ljZV9zb3VyY2UiOiJjdXN0b20iLCJ1c2VyX2lkIjoiT0w1NVlLQUxlYWI3bHlJZkRLd2UwbDJiMWJSMiIsImZpbGVuYW1lIjoiOGZlNGJhNDctZjEwNy00Yjc3LTk2MWMtZWYzYTNlOTM5OTU1Lm1wMyIsInRpbWVzdGFtcCI6MTc4NjgxMzIwMDAwMDAwMH0%3D,"Middle aged European (polish) Male with a stead & calm voice. Great for documentaries, audiobook, ads."
2026-08-15,gfKKsLN1k0oYYN9n2dXX,136391b37c76c590e5a8337fee0ade3148d010535925031b132ae20221553dc6,"Violetta - Ringing, Bright and Joyful",it,it-IT,standard,female,middle_aged,professional,narrative_story,high_quality,1078405215,32597986,70218,false,1,https://storage.googleapis.com/eleven-public-prod/database/user/Mxxy1mLEQkeyXX75dokAIWz8bel1/voices/gfKKsLN1k0oYYN9n2dXX/Z2oJ1Jb0O555Pu7XDZv4.mp3,"A warm, clear, and engaging middle-aged Italien female voice. With a smooth, natural tone, this voice is perfect for narrations, audiobooks, or informative audio content. Its expressive quality makes it ideal for storytelling, while remaining professional and easy to follow."
2026-08-15,zgqefOY5FPQ3bB7OZTVR,f87f057c2250691953ac2e6227859706764bd08c88a055a18c74261957885a51,Niraj- Romantic and Smooth,hi,hi-IN,standard,male,middle_aged,deep,narrative_story,high_quality,1077444146,20120636,2011064,false,1,https://storage.googleapis.com/eleven-public-prod/database/workspace/514d94e9241c48e8b7905375729c436f/voices/zgqefOY5FPQ3bB7OZTVR/MVPA1HijF9jaZEyDPUw2.mp3,"Niraj is the pen name of a veteran Indian actor. The base and variations of this voice make it great for narrative work, documentaries, and social media."
2026-08-15,iWNf11sz1GrUE4ppxTOL,f87f057c2250691953ac2e6227859706764bd08c88a055a18c74261957885a51,"Viraj - Warm, Energetic and Lively",hi,hi-IN,standard,male,young,formal,conversational,high_quality,1057226582,14624845,296544,false,1,https://api.us.elevenlabs.io/v1/voices/iWNf11sz1GrUE4ppxTOL/previews/audio?payload=eyJ2b2ljZV9zb3VyY2UiOiJjdXN0b20iLCJ3b3Jrc3BhY2VfaWQiOiI1MTRkOTRlOTI0MWM0OGU4Yjc5MDUzNzU3MjljNDM2ZiIsImZpbGVuYW1lIjoiWmpoSGM4RVRtS0hzaDFJd0tZT1cubXAzIiwidGltZXN0YW1wIjoxNzg2ODEzMjAwMDAwMDAwfQ%3D%3D,"A friendly, upbeat voice designed to make every customer feel heard and reassured.

Viraj’s tone blends energy with empathy—ideal for dynamic support bots, voice-based helpdesk systems, and human-like AI calling. His clear delivery and approachability make him a great fit for industries like telecom, fintech, retail, and app-based services. Used across platforms like AI calling apps, customer care hotlines, and WhatsApp voice assistants, Viraj ensures a smooth, positive support experience."
2026-08-15,LXrTqFIgiubkrMkwvOUr,2ac7f9ea6c747c974065f31afe052580bd3aef08f621902b8d040e7559e934c6,"Masry - Narrative, Clear and Strong",ar,ar-EG,egyptian,male,middle_aged,neutral,conversational,professional,1042515791,735552,45495,false,1,https://storage.googleapis.com/eleven-public-prod/database/user/COWGBw0EVLcZa92K5IDgvpaUttd2/voices/LXrTqFIgiubkrMkwvOUr/J85EPZ8jOuD46EGNgsfT.mp3,"Middle age Egyptian dialect arabic voice, perfect for social media reels, dialogues , storytelling and advertisements."
2026-08-15,txnCCHHGKmYIwrn7HfHQ,8eb5bbcd5317ba83f2057356683c3d8398f454e52731a583d3095b83e73616ef,Alexandr Vlasov - Vibrant and Energetic,ru,ru-RU,standard,male,middle_aged,deep,entertainment_tv,professional,1035872214,3899272,373004,false,1,https://storage.googleapis.com/eleven-public-prod/database/workspace/4c37c646e393427a98404da71421521a/voices/txnCCHHGKmYIwrn7HfHQ/9X9MXSKyYdsdkoNjOwY4.mp3,"A unique Russian male voice: rich, calm and versatile, perfect for YouTube, audiobooks, ads, and lectures. Combining emotional depth with clarity, it adapts seamlessly to various projects—from engaging advertisements and immersive audiobooks to compelling educational content and professional lectures."
2026-08-15,36rVQA1AOIPwpA3Hg1tC,7aa6864e110d32cb9246ffe656e404e217aa6e77720759c3675dbf8897fe58ad,Matheus - Friendly and Energetic,pt,pt-BR,unknown,male,young,casual,narrative_story,professional,915789143,9364722,732472,false,1,https://storage.googleapis.com/eleven-public-prod/custom/voices/36rVQA1AOIPwpA3Hg1tC/ewP6z1S1gE5Mb9nBSNaV.mp3,"A young energetic male voice. Great for social media, shorts and video games."
2026-08-15,uyVNoMrnUku1dZyVEXwD,1a1e6c6599fb77c5a995deb7d336b4da47da6a1b2232c551d9290cb0d9770127,"Anna Kim - Tender, Calm and Clear",ko,ko-KR,seoul,female,young,formal,narrative_story,high_quality,880846562,8824929,225649,false,1,https://api.us.elevenlabs.io/v1/voices/uyVNoMrnUku1dZyVEXwD/previews/audio?payload=eyJ2b2ljZV9zb3VyY2UiOiJjdXN0b20iLCJ1c2VyX2lkIjoiT0thQkRzWDRBd1dXak1hWkhCbWhDV0Z2dDlOMiIsImZpbGVuYW1lIjoiVzU1b1AxSXNMTmFOYWdsSnBVWmQubXAzIiwidGltZXN0YW1wIjoxNzg2ODEzMjAwMDAwMDAwfQ%3D%3D,Young Korean female voice. Great for Narrations.
2026-08-15,oKxkBkm5a8Bmrd1Whf2c,94b742aa4419c31ad61c1b191639f84667a510dd4d7d551a0552ceb0336366f2,"Prince Nur - Smooth, Rich and Engaging",ru,ru-RU,moscow,male,young,deep,narrative_story,high_quality,854038327,1358493,178066,false,1,https://api.us.elevenlabs.io/v1/voices/oKxkBkm5a8Bmrd1Whf2c/previews/audio?payload=eyJ2b2ljZV9zb3VyY2UiOiJjdXN0b20iLCJ1c2VyX2lkIjoiSmx2QWZ6SEhuTlJXWUdxZnBjZndhd0Qyak9mMSIsImZpbGVuYW1lIjoiUG85bTZodkNDalg1QThSejZhMEgubXAzIiwidGltZXN0YW1wIjoxNzg2ODEzMjAwMDAwMDAwfQ%3D%3D,"Smoother, deeper, richer version of the original Prince Nuri — perfect for narrations, commercials, or characters that demand charm with a touch of mystery. If you loved the original, this one keeps the soul but adds a darker brew.
Ideal for: audio dramas, storytelling, and anything that needs a voice like warm tea on a cold night."
2026-08-15,3JDquces8E8bkmvbh6Bc,71601d75e93fe200443db77c032bb8757638b7881c4b6949a1f8e88ba960ff2e,"Otani - Inviting, Clear and Measured",ja,ja-JP,standard,male,middle_aged,confident,narrative_story,high_quality,843125887,8994689,308725,false,1,https://storage.googleapis.com/eleven-public-prod/custom/voices/3JDquces8E8bkmvbh6Bc/PZchZFPBnPlog5kS1miM.mp3,Middle aged Japanese voice. Suitable for Narration & Storytelling.
2026-08-15,fzDFBB4mgvMlL36gPXcz,e9a6840c69b79812b77ea81fa11d55aaf80dcf1938fa0137bf7f514f67f75c99,Giovanni Rossi - Deep and Sympathetic,it,it-IT,standard,male,young,serious,narrative_story,high_quality,832796840,2205173,53107,false,1,https://storage.googleapis.com/eleven-public-prod/custom/voices/fzDFBB4mgvMlL36gPXcz/9mWvFKGio04aGXSm7tbQ.mp3,Young and serious Male voice. Perfect for audiobooks.
2026-08-15,A9ATTqUUQ6GHu0coCz8t,d74ce40e46c888fdd931f12f3539c38326bb9a5f1c97716e3567e22101914ea6,"Hamid - Friendly, Natural and Positive",ar,ar-MA,moroccan,male,young,pleasant,entertainment_tv,high_quality,769761595,3861919,200335,false,1,https://storage.googleapis.com/eleven-public-prod/custom/voices/A9ATTqUUQ6GHu0coCz8t/52WpzlQwppmSVSQXa65L.mp3,Young voice male with a pleasant tone. Perfect for news.
2026-08-15,13Cuh3NuYvWOVQtLbRN8,d0bc74494e98081c4e15ba13dc421de4c9112aa6b7715616e49e2abad7b7a8b6,"Marco - Deep, Rich and Reflective",it,it-IT,standard,male,middle_aged,classy,narrative_story,high_quality,762697511,7466485,209685,false,1,https://storage.googleapis.com/eleven-public-prod/database/user/PmcWCeDWyhXdgWnKoeG8s6OvV0L2/voices/13Cuh3NuYvWOVQtLbRN8/cJBPziv7PCBbwkL4Nf48.mp3,"Italian Middle Aged Voice Actor - warm, convincing, and fascinating voice."
2026-08-15,3VnrjnYrskPMDsapTr8X,872d10d803ebe5748c44f5e660e7822c990321ee0b5681ef2cb2fe2cd06e36e4,"Tung Dang - Deep, Warm and Resonant",vi,vi-VN,northern,male,middle_aged,calm,entertainment_tv,professional,727778296,2516410,328332,false,1,https://storage.googleapis.com/eleven-public-prod/database/user/COsSJJG6gjWu8B6HtAYraUqntxT2/voices/3VnrjnYrskPMDsapTr8X/rTtnskqz8S0pmuxMwNB3.mp3,"A deep, warm voice of a Vietnamese man in his early 30s—perfect for communication, education, storytelling, and short videos. His voice exudes clarity and warmth, making every word engaging and easy to connect with."
2026-08-15,PDoCXqBQFGsvfO0hNkEs,6b3351c6df75a64f232988ae8b1befc38fb6f8792ff8b5c25b5dbcb6f3f8c0bd,Chris - Warm and Clear,ko,ko-KR,seoul,male,young,casual,informative_educational,high_quality,712645739,8751784,77057,false,1,https://storage.googleapis.com/eleven-public-prod/database/user/7kxPBwJAokcdcenCkajeakMAYNV2/voices/PDoCXqBQFGsvfO0hNkEs/N8aRMeov18dFKyQFDDai.mp3,Young Male Korean with a Bright Voice. Great for Informative content.
2026-08-15,o2xdfKUpc1Bwq7RchZuW,4a158683f832f54520676765e2923021441f78ac310788469086df9b488d7d58,"Piotr - Engaging, Reassuring Storyteller",pl,pl-PL,standard,male,middle_aged,calm,narrative_story,high_quality,706797211,4011467,222895,false,1,https://storage.googleapis.com/eleven-public-prod/database/user/WREaahKO7NZBbjp6DTUFGPrnqHD3/voices/o2xdfKUpc1Bwq7RchZuW/FVTB9TXCDzUSEKDPzIvD.mp3,"Ciepły, niski głos, który budzi zaufanie. Idealny do reklam, filmów i audiobooków."
2026-08-15,re2r5d74PqDzicySNW0I,bc00a8580b93152a9f05dfd2a01d208731202b2105a3e9ba65e30362c8b0cb92,Leon Stern - Rich and Deep,de,de-DE,standard,male,middle_aged,modulated,narrative_story,high_quality,704298818,1574762,309058,false,1,https://storage.googleapis.com/eleven-public-prod/custom/voices/re2r5d74PqDzicySNW0I/iNJX2tky9IQZwwbPK4hC.mp3,"A rich, deep voice for fantasy and epic adventure novels that captivates listeners until the very last second."
2026-08-15,CstacWqMhJQlnfLPxRG4,f8d3329a385cb2dc80d1d53ff767f6026653e41f1ec29fc7060c17ee71948dca,"Will - Deep, Smooth and Affectionate",pt,pt-BR,brazilian,male,middle_aged,calm,narrative_story,high_quality,692834868,10448842,214616,false,1,https://storage.googleapis.com/eleven-public-prod/database/user/FjJ1S0dyr4ceeNIPe2rWGz4lcH53/voices/CstacWqMhJQlnfLPxRG4/4jr0jR4qABSfo2InZ89w.mp3,"Narration voice for Brazilian children, with a friendly and warm touch. Designed to capture the attention of children, it has smooth and expressive intonations. Ideal for audiobooks, children's stories, and educational content."
2026-08-15,kkJxCnlRCckmfFvzDW5Q,7f5f6797dc19f764d2d5f33b4974cc522609b9f773c25730bfc7c8a7ba54b61a,Alexander - Deep TV Narrator,de,de-DE,standard,male,middle_aged,pleasant,narrative_story,professional,689584645,7077712,247786,false,1,https://storage.googleapis.com/eleven-public-prod/database/workspace/9d5daecd4210450281f8157fe899598f/voices/kkJxCnlRCckmfFvzDW5Q/N7nzoxGsufAnISgpK2ml.mp3,"Male, pleasant, adult and a deep, familiar TV voice - perfect for audio books, magazines, descriptions. Listeners have immediate confidence."
2026-08-15,HuK8QKF35exsCh2e7fLT,d0bc74494e98081c4e15ba13dc421de4c9112aa6b7715616e49e2abad7b7a8b6,Carmelo La Rosa - Deep and Balanced,it,it-IT,standard,male,middle_aged,classy,informative_educational,high_quality,637766908,3749203,138987,false,1,https://api.us.elevenlabs.io/v1/voices/HuK8QKF35exsCh2e7fLT/previews/audio?payload=eyJ2b2ljZV9zb3VyY2UiOiJjdXN0b20iLCJ1c2VyX2lkIjoiUG1jV0NlRFd5aFhkZ1duS29lRzhzNk92VjBMMiIsImZpbGVuYW1lIjoiaXZleTJ4cFptMTUzNWpMRG1Vd2EubXAzIiwidGltZXN0YW1wIjoxNzg2ODEzMjAwMDAwMDAwfQ%3D%3D,"Middle Age Pro Talent. Perfect for e-learning, webinar, news, workshop, istitutional."
2026-08-15,RWiGLY9uXI70QL540WNd,c9e3af862b45c80cc29018a0cf11a5feecbba25bbfef3dc811e420a7d82bb47f,"Putra - Smooth, Clear and Engaging",id,id-ID,standard,male,middle_aged,excited,narrative_story,professional,634508928,6222021,976418,false,1,https://storage.googleapis.com/eleven-public-prod/custom/voices/RWiGLY9uXI70QL540WNd/K9KyX0PpKq51sEVudfou.mp3,"A young Indonesian man with a fiery enthusiasm, to convey messages more clearly."
2026-08-15,8EkOjt4xTPGMclNlh1pk,406d402b53d85a3e1a24d894719ae131d4563c800acf5f78397d5842f6419a1f,"Morioki - Calm, Measured and Muffled",ja,ja-JP,standard,female,young,soft,conversational,professional,599113998,6121673,35717,false,1,https://storage.googleapis.com/eleven-public-prod/database/user/MwVnKyOTE3ZRdpgHUo84p20s9zw2/voices/8EkOjt4xTPGMclNlh1pk/09bd3d5e-755b-4046-8ace-c69f0dcc872f.mp3,Morioki Japanese woman. Works well for conversations.
2026-08-15,b2htR0pMe28pYwCY9gnP,33822640db169fffd2b45009a79f882bbfbb04b7e59077c8c5cd8c1926a6b61a,Sofía - Natural and Conversational,es,es-CO,colombian,female,young,pleasant,conversational,high_quality,595900950,7167336,50608,false,1,https://storage.googleapis.com/eleven-public-prod/database/user/fHOiFx8lXIazL4fNHvmcoBi71SK2/voices/b2htR0pMe28pYwCY9gnP/YqHhQtUxgVpJ7rXY5dmz.mp3,"Sofía's voice is warm and authentic, with a soft Medellín accent. Designed to connect with Latin American audiences, she's perfect for social media sales and customer service. Friendly and professional, she conveys calmness and builds trusting relationships."
2026-08-15,yXEnnEln9armDCyhkXcA,563508e8457812075659ee86832f6a38d5dec38622b9ec9783ed5002775dbcce,"Jeddawi - Calm, Confident, and Deep",ar,ar-SA,saudi,male,young,calm,narrative_story,professional,589093140,1886302,40282,false,1,https://api.us.elevenlabs.io/v1/voices/yXEnnEln9armDCyhkXcA/previews/audio?payload=eyJ2b2ljZV9zb3VyY2UiOiJjdXN0b20iLCJ3b3Jrc3BhY2VfaWQiOiJmYzZkZGFmMDZlZDM0NDUzOWEyZTg2MDBkY2VhNmQ2ZiIsImZpbGVuYW1lIjoiTnJzbWRGQ1hqZUdrVXA2ckhzbFEubXAzIiwidGltZXN0YW1wIjoxNzg2ODEzMjAwMDAwMDAwfQ%3D%3D,"A deep, confident Saudi male voice from Jeddah, perfect for narration, commercials, podcasts, and storytelling. Warm, charismatic, and effortlessly professional — this voice brings every word to life with a modern Saudi flair."
2026-08-15,8mBRP99B2Ng2QwsJMFQl,c2b99f1e7f3026561140b0ea88cfdc8e39dce61aae81b0f4dc033c322077d7fe,"El Faraon - Full, Clear, Mellow",es,es-AR,latin american,male,old,deep,narrative_story,high_quality,573663990,26808116,233082,false,1,https://storage.googleapis.com/eleven-public-prod/database/workspace/3423ea02d3714f548d4841555aa05554/voices/8mBRP99B2Ng2QwsJMFQl/kQbOqMk4xSX0v97LFi2i.mp3,"Deep male voice, ideal for audiobooks, stories, narrations, and documentaries."
2026-08-15,rQOBu7YxCDxGiFdTm28w,74f589f9cfb9090408e0218fa1fe0bcb30e746f76c9fe6b100d4b694973075ac,Artem Lebedev - Captivating and Engaging,ru,ru-RU,standard,male,middle_aged,casual,conversational,high_quality,562641302,4468137,192329,false,1,https://storage.googleapis.com/eleven-public-prod/database/user/eYUi2oZcB8RVHfP9GTnHUomZiby2/voices/rQOBu7YxCDxGiFdTm28w/6pAMjAxbXvyTDEXJySjr.mp3,"A unique and captivating Russian male voice with a rich, calm, and commanding presence, ideal for professional podcasts, audiobooks, advertisements, and educational content. Known for its emotional depth and smooth delivery, this versatile voice brings clarity and engagement to any project, from insightful podcasts and compelling educational material to immersive audiobooks and powerful commercials."
2026-08-15,IuRRIAcbQK5AQk1XevPj,3c5f8ec5e254c2b5c218004fd69e258afd3afcd5a454c10b35558677050270c8,Doga - Upbeat and Rich,tr,tr-TR,istanbul,male,middle_aged,confident,social_media,high_quality,523477587,7076344,272210,false,1,https://storage.googleapis.com/eleven-public-prod/database/workspace/bd6a6321e92640508e2b718a1b5e23a8/voices/IuRRIAcbQK5AQk1XevPj/dzo2bbYlqFHuucNnyWPU.mp3,"Middle aged British - Turkish voice with an Istanbul accent. This broadcast quality audio data was processed from samples with the most accurate intonation and word stress in Turkish. Well suited for corporate and industrial narration, commercials, audiobooks, medical videos, IVR phone systems and on-hold messages, training and tutorial videos, animation and video games, documentary narration, explainer videos, coach-style interactive learning, industrial narration, and all styles of eLearning."
2026-08-15,PdYVUd1CAGSXsTvZZTNn,ad50827bd49bc3cf8315f998cdbf2e71885fde967ff265f582df732f3eef6d71,"Mia - Clear, Steady and Warm",tr,tr-TR,standard,female,middle_aged,professional,narrative_story,high_quality,478523790,1686882,56225,false,1,https://storage.googleapis.com/eleven-public-prod/database/user/Gp7macCqIbcDzuRHmrksJ4SdQH02/voices/PdYVUd1CAGSXsTvZZTNn/Sa6vpYH4HYQ556GX9J4G.mp3,"Middle-aged female with perfect pacing for all languages. Playful, Clear, Powerful Narrator. Fits perfect for almost all genre."
2026-08-15,93nuHbke4dTER9x2pDwE,a1254f9da709d4a8ae8b568746606d2ef3418390a67380e88423da83da5a874e,Adam - warm and friendly,fr,fr-CA,quebec,male,middle_aged,confident,conversational,high_quality,459408533,6495375,379723,false,1,https://storage.googleapis.com/eleven-public-prod/database/user/eFmYIzNi7fVTAUiSkCFaPtNH8aQ2/voices/93nuHbke4dTER9x2pDwE/STGzl4JxizvFzZ6Hl8zW.mp3,"Authentic, deep, Québec French Canadian male voice, perfect for teaching, e-learning, and information sharing. Warm, friendly, and engaging tone."
2026-08-15,TMvmhlKUioQA4U7LOoko,d4d7ceba70753ad48da85989fdc6a2ea3d4fbc849545430035709ead2487075d,"Andi - Clear, Friendly and Calm",id,id-ID,standard,male,young,calm,narrative_story,high_quality,427587212,156261,345327,false,1,https://storage.googleapis.com/eleven-public-prod/custom/voices/TMvmhlKUioQA4U7LOoko/Dr22F3ZfMBY8NhEcuns6.mp3,"A young Indonesian male with a clear, professional, and confident voice. Suitable for Social Media."
2026-08-15,tS45q0QcrDHqHoaWdCDR,cafe304c4de57306f4e3fdbca4b97afb21be387b77b5d6f8bfc9760db3289934,"Lax - Funny, Sarcastic and Smooth",pt,pt-BR,brazilian,male,young,casual,entertainment_tv,high_quality,395702161,2839917,254674,false,1,https://storage.googleapis.com/eleven-public-prod/database/user/9BSPmhBJkheqxBPDvE6kddOa9rF3/voices/tS45q0QcrDHqHoaWdCDR/JVXUiHFT0hC7wmBvKxRl.mp3,A young man with a Cheerful and relaxing Portuguese voice. Works well for News broadcast.
2026-08-15,7VqWGAWwo2HMrylfKrcm,498dee577b9474794f17e268c852cb80fb7ae61d43ab43034a98c055ab3e30f3,"Fatih Yıldırım - Deep, Clear and Rich",tr,tr-TR,istanbul,male,middle_aged,casual,social_media,high_quality,381288615,3830605,140091,false,1,https://storage.googleapis.com/eleven-public-prod/database/user/OtUBACOPLZQxBWkdPFojsMctFZ93/voices/7VqWGAWwo2HMrylfKrcm/7282011b-0180-4ac0-8d75-8e87c7f2439d.mp3,"A young Turkish energetic male voice with a clear and dynamic tone , perfect for tutorials, tech reviews and engaging ,content slight warmth and confidence ideal for connecting with a broad audience. charismatic male voice , Ideal for documentaries and YouTube."
2026-08-15,J17lijyP1BHYcM7ld0Rg,45e18645fdd8c38109528a09c7034b0f941e463b16f66434a6404ba1376ec95b,"Adam - Deep, Professional and Serious",tr,tr-TR,istanbul,male,middle_aged,deep,informative_educational,professional,379136254,8988093,147739,false,1,https://storage.googleapis.com/eleven-public-prod/database/user/1UaUJJmHzOdvXFUVPp0tkvaI8a22/voices/J17lijyP1BHYcM7ld0Rg/ca75ee98-27b0-49e2-8f11-13b2e8dd01ee.mp3,Türk male with a thick and strong voice.
2026-08-15,Ntd0iVwICtUtA6Fvx27M,9bc548f7824fc299d93320ebaad6767425ac43b4fd3380eb55a5d676de282884,Evgeniy Shevchenko - Vibrant and Rich,uk,uk-UA,standard,male,middle_aged,calm,narrative_story,professional,362956278,1549138,133082,false,1,https://storage.googleapis.com/eleven-public-prod/database/user/0C5bUhgexLd2XXTbJno4O0594Yz1/voices/Ntd0iVwICtUtA6Fvx27M/etVdkbJAlgLzzPLOHWJc.mp3,"Warm Male Ukrainian baritone with crystal-clear diction and a gentle Slavic undertone. With years of broadcast and voiceover experience, Evgeniy Shevchenko brings dynamic range and emotive depth to every project. His precise international English accent and natural warmth inspire trust and engagement—ideal for commercials, documentaries, narration, and eLearning."
2026-08-15,a5n9pJUnAhX4fn7lx3uo,e9a6840c69b79812b77ea81fa11d55aaf80dcf1938fa0137bf7f514f67f75c99,"Martin Dupont - Deep, Warm and Aged",fr,fr-FR,standard,male,middle_aged,confident,narrative_story,high_quality,344448363,2745080,318972,false,1,https://storage.googleapis.com/eleven-public-prod/custom/voices/a5n9pJUnAhX4fn7lx3uo/I5TRksrWlXu6l80nTPu2.mp3,Middle aged male with a warm and intimate voice. Perfect for audiobooks and other formats.
2026-08-15,SXBL9NbvTrjsJQYay2kT,4bfa494b5247644782fd51b01b278c3df7850139e07154139497229a899382d1,"Melanie - Engaging, Authentic Narrator",nl,nl-NL,standard,female,young,calm,narrative_story,professional,327071939,2842967,39758,false,1,https://api.us.elevenlabs.io/v1/voices/SXBL9NbvTrjsJQYay2kT/previews/audio?payload=eyJ2b2ljZV9zb3VyY2UiOiJjdXN0b20iLCJ1c2VyX2lkIjoiV3hjek8wR3BmbmhVbVJacks2ZjlRV1cwaVlLMiIsImZpbGVuYW1lIjoiblp2eUgxYWIzbzhsWUt0ZWlSN08ubXAzIiwidGltZXN0YW1wIjoxNzg2ODEzMjAwMDAwMDAwfQ%3D%3D,"A young female voice. Good for audiobooks, voice-over and commercials."
2026-08-15,9Sj8ugvpK1DmcAXyvi3a,dbbeef33b43029d58291e2a2a7f41160fd1350f1e04807099d9eadd482ec04e4,Alex Nekrasov - Confident and Clear,uk,uk-UA,standard,male,middle_aged,classy,informative_educational,high_quality,322927986,3290717,125542,false,1,https://storage.googleapis.com/eleven-public-prod/database/workspace/422ab51746234a479c3d767267557dd0/voices/9Sj8ugvpK1DmcAXyvi3a/2dCZWU3mjLdCIto8IEde.mp3,"Middle-aged Ukrainian male voice with medium pitch and emotional tone. He speaks Ukrainian at a moderate pace with strategic pauses, enhancing clarity. This voice is perfect for news delivery, capturing attention and inspiring trust. Its expressiveness ensures information is memorable, offering clients a professional and standout sound."
2026-08-15,j210dv0vWm7fCknyQpbA,971c35dd8e2ea312a811e68cf7a4154616759b5dbdf2f184a2dc940e2623d5ff,"Hinata - Inviting, Smooth and Measured",ja,ja-JP,standard,male,young,confident,entertainment_tv,high_quality,296668566,3831905,56105,false,1,https://storage.googleapis.com/eleven-public-prod/custom/voices/j210dv0vWm7fCknyQpbA/Bek5CWu0oLhcBJoGa1tS.mp3,"Young Japanese male calm voice. Suitable for narration, news, and audiobooks."
2026-08-15,IES4nrmZdUBHByLBde0P,3d998c483296bb27f46ec1449845265d57d55797749b21aeae5502741b9b62d0,"Haytham - Energetic, Warm and Cheerful",ar,ar-EG,egyptian,male,middle_aged,crisp,narrative_story,high_quality,262771052,2501255,301054,false,1,https://storage.googleapis.com/eleven-public-prod/database/user/9QU6MqZNA2gQa3xJofEAkVetJtm1/voices/IES4nrmZdUBHByLBde0P/k0uwHjffW70gT6nJ9gW5.mp3,"Middle aged Arab male voice, warm, energetic, suitable for casual conversations, voice acting and story telling"
2026-08-15,v70fYBHUOrHA3AKIBjPq,482ea0a3dac1052b34e09319333e5bc8382ead438ffc8e686c1f37b55b394a7b,"Mahaputra - Neutral, Calm and Gravelly",id,id-ID,standard,male,young,formal,informative_educational,professional,250495024,1701529,437438,false,1,https://storage.googleapis.com/eleven-public-prod/database/user/kpIUsCETmARNBTw0b1WX3Q5WOKj2/voices/v70fYBHUOrHA3AKIBjPq/VhasN1RscY5mKrMIYPk0.mp3,"The voice of a young man, stiff, clear, and steady, is suitable for delivering standardized and formal information in a calm and professional tone."
2026-08-15,4za2kOXGgUd57HRSQ1fn,2e2f3f81c579e0a71d863683d5d428e0563163db10d1660a3c4dadaffb942a15,"Lendário - Cheerful, Vibrant and Fun",pt,pt-BR,brazilian,male,middle_aged,hyped,social_media,high_quality,233405462,4191561,75799,false,1,https://api.us.elevenlabs.io/v1/voices/4za2kOXGgUd57HRSQ1fn/previews/audio?payload=eyJ2b2ljZV9zb3VyY2UiOiJjdXN0b20iLCJ1c2VyX2lkIjoiRWNvblk1bnBYc1lsYmxtNG52cUV5U3BPMEU4MiIsImZpbGVuYW1lIjoiRG5leHRmczNJVk9MUEZmSTNub0QubXAzIiwidGltZXN0YW1wIjoxNzg2ODEzMjAwMDAwMDAwfQ%3D%3D,"Voice of a middle-aged man, perfect for social media and exciting narrations, constant and cheerful."
2026-08-15,aSLKtNoVBZlxQEMsnGL2,3d1fa6a5595e0a31fff8d7c1a2f2794b91ca87ddd200066dfbdfcef662a65a1b,Sanna Hartfield - Calm and Soothing,sv,sv-SE,stockholm,female,middle_aged,calm,narrative_story,high_quality,217090198,2142475,54948,false,1,https://storage.googleapis.com/eleven-public-prod/custom/voices/aSLKtNoVBZlxQEMsnGL2/g7yysxvG83AAWczMihDs.mp3,"Professional Swedish Narrator for audio books, e-learning and documentaries. A calm and soothing, smooth and velvety Stockholm accent."
2026-08-15,452WrNT9o8dphaYW5YGU,d23f394173d3bf80812ae853723bf216690272c8e7f8e864587a315155181801,"Abel - Reflective, Clear, Expressive",es,es-AR,latin american,male,middle_aged,casual,narrative_story,high_quality,207413161,4333315,112457,false,1,https://storage.googleapis.com/eleven-public-prod/database/user/vAp394QrzodE3kDxdSdz2PokgUI2/voices/452WrNT9o8dphaYW5YGU/4adb7e01-56df-4d3d-ac96-6698fdcee93e.mp3,"Middle-aged male voice, medium tone, clear and charismatic. Perfect for any project seeking connection and versatility in narration."
2026-08-15,4xkUqaR9MYOJHoaC1Nak,3d1fa6a5595e0a31fff8d7c1a2f2794b91ca87ddd200066dfbdfcef662a65a1b,Sanna Hartfield - Direct and Natural,sv,sv-SE,stockholm,female,middle_aged,modulated,conversational,high_quality,199589619,3903566,31625,false,1,https://storage.googleapis.com/eleven-public-prod/custom/voices/4xkUqaR9MYOJHoaC1Nak/l4PwfhXHwvKzA0G9XP46.mp3,"Professional Swedish conversational voice artist for social media, voice assistants & chatbots."
2026-08-15,r1KmysJdVYZjJCm4mL3b,d5a057fa67bd4518fbf13eb08503860c528f1b11bb306922220aa0c561744e90,"Jessica - Playful, Bright, Warm",en,en-US,american,female,young,upbeat,conversational,high_quality,195251763,25287152,118706,false,1,https://storage.googleapis.com/eleven-public-prod/database/workspace/3f9696c671d04ff682b1d6019d5b62fe/voices/r1KmysJdVYZjJCm4mL3b/65478cae-a15a-4f7d-88a4-14cbc8745b2b.mp3,"The old Jessica default voice you know and love! Playful, Bright, Warm, youthful, and conversational. Perfect for your project. Voiced by real voice actor Lorin Zackular."
2026-08-15,ByhETIclHirOlWnWKhHc,3e76152f62e469dfef7259244d6e4a6c4bb9662cae01fd97c52cfde8f915bf32,Shan Shan - Young Energetic Female,zh,cmn-CN,beijing mandarin,female,young,calm,social_media,professional,193739358,790200,20583,false,1,https://storage.googleapis.com/eleven-public-prod/custom/voices/ByhETIclHirOlWnWKhHc/WueuyXkB5LAjxrfqv4nL.mp3,A youthful Chinese female voice with lively energy. Suitable for narrating stories and creating content for social media videos.
2026-08-15,a1KZUXKFVFDOb33I1uqr,7398804d9eaf2f463899a907587c33a390591775784f87857b6d0e1e4e3e66f6,"Salma - Positive, Professional and Warm",ar,ar-LB,levantine,female,young,pleasant,conversational,high_quality,193504161,1564345,66718,false,1,https://storage.googleapis.com/eleven-public-prod/database/workspace/ed9b05e6324c457685490352e9a1ec90/voices/a1KZUXKFVFDOb33I1uqr/UiaMs7jj02K2CGN2TPAU.mp3,"Salma is a young and talented artist from Dubai. Her extensive experience is not just in voice but also in the Arabic language. You will hear all that experience in her voice. Do give it a try and you will love it as it is Perfect for voiceovers, audiobooks, commercials, podcasts, and language learning content."
2026-08-15,jn6ifzU1eO5tfUZ2ZJVg,bfc377778415e5566d7450f776d8ce750827708f1567aa86476bf24415aa7fc0,Bogdan - Melodic and Calm,uk,uk-UA,standard,male,old,calm,narrative_story,professional,189394949,436014,51466,false,1,https://storage.googleapis.com/eleven-public-prod/database/user/SWpfSBMFk8RnRE7OgOkgZXoBbOD2/voices/jn6ifzU1eO5tfUZ2ZJVg/dwThNtKnoihElXMqWhAb.mp3,A deep Ukrainian baritone radiating warmth and a subtle melodic cadence. Perfect for storytelling and narration.
2026-08-15,pCKbQ4EPGE06zpEPGNvS,03815ce2a5a8995a4b6331a05ee99c69e9cedcca5eb1f42808ee0356c7b993ab,"Abdullah - Professional, and Energetic",ar,ar-SA,modern standard,male,middle_aged,casual,entertainment_tv,high_quality,187564771,6728514,90965,false,1,https://api.us.elevenlabs.io/v1/voices/pCKbQ4EPGE06zpEPGNvS/previews/audio?payload=eyJ2b2ljZV9zb3VyY2UiOiJjdXN0b20iLCJ3b3Jrc3BhY2VfaWQiOiJkMmI0ODM4NmJhNGE0YzhmYmNlMDhhNjdjZjc3Zjc5OCIsImZpbGVuYW1lIjoiV2xrOVFueGQwNWRXbUxXZnA2RUMubXAzIiwidGltZXN0YW1wIjoxNzg2ODEzMjAwMDAwMDAwfQ%3D%3D,Melodious dynamic  Bariton
2026-08-15,YUdpWWny7k5yb4QCeweX,2546f989714965ff860c0466800ca551f02af7a25250d07592d494ef1fa8e344,Ruth - Warm and Dynamic Narrator,nl,nl-NL,standard,female,young,professional,informative_educational,high_quality,159825650,3578154,18619,false,1,https://storage.googleapis.com/eleven-public-prod/database/user/gDR3ZfXNr1dkLZ0cWH4BuQxER1z2/voices/YUdpWWny7k5yb4QCeweX/RDRd1XnXfKMdjwwBAGB4.mp3,"Young Female Dutch professional voiceover. Warm, articulate and engaging. Perfect for instructional, educational, corporate, and audiobook narration."
2026-08-15,5KvpaGteYkNayiswuX2h,2cf3785cce84abdefb1ef5e0d850a14e8566318dcfc9240163df12ad681955ae,Helmut - Distinctive and Authentic,de,de-DE,standard,male,old,deep,characters_animation,high_quality,157193783,3397413,66278,false,1,https://api.us.elevenlabs.io/v1/voices/5KvpaGteYkNayiswuX2h/previews/audio?payload=eyJ2b2ljZV9zb3VyY2UiOiJjdXN0b20iLCJ3b3Jrc3BhY2VfaWQiOiJhODYyNzkzOGI2MDM0NGNhYTZmYjgxY2U1NGE0YTA1ZCIsImZpbGVuYW1lIjoicFgyOXVIQlFwYVBOZTB4MERraEYubXAzIiwidGltZXN0YW1wIjoxNzg2ODEzMjAwMDAwMDAwfQ%3D%3D,"Distinctive, authentic, and unmistakable – a voice with the power of great productions. Rough yet sincere, with a strong recognizability. Perfect for trailers, dubbing, audio dramas, and any project that demands presence and depth."
2026-08-15,Mv8AjrYZCBkdsmDHNwcB,0c29152f9ff1200a1cdd7a40f25e16765ff73c7bafcbd0455ad9a7ac863bfc73,"Ishibashi - Inviting, Natural and Smoky",ja,ja-JP,kanto,male,young,deep,social_media,high_quality,154083839,1389854,125257,false,1,https://storage.googleapis.com/eleven-public-prod/database/user/smdM9RgSCIge9Dbjj1mxNOLqVtn1/voices/Mv8AjrYZCBkdsmDHNwcB/BzyYgIBOY4ecjGAkbfEJ.mp3,"A deep, strong Tokyo traditional Japanese male voice, perfect for use in English or Japanese! This voice is great for anime dubbing, narration, social media, educational/informative videos (especially about Japan!), and Japanese characters."
2026-08-15,UsgbMVmY3U59ijwK5mdh,93ae4e172cf1ef9b1a2e8ec7da1bc2d041d5913d5fa93852e42dc3e6c4ae7b1d,"Trieu Duong - Deep, Calm and Resonant",vi,vi-VN,southern,male,young,casual,narrative_story,high_quality,153805464,1631718,91841,false,1,https://api.us.elevenlabs.io/v1/voices/UsgbMVmY3U59ijwK5mdh/previews/audio?payload=eyJ2b2ljZV9zb3VyY2UiOiJjdXN0b20iLCJ3b3Jrc3BhY2VfaWQiOiJhODZjMjc1ZmQyMTk0ZjcwOTFkMGMyNjdmYWVmYmRhYyIsImZpbGVuYW1lIjoiZjkwMGEwNDAtMGFiZS00N2RiLWFlYjQtYzIwYjYzMDU2NDMzLm1wMyIsInRpbWVzdGFtcCI6MTc4NjgxMzIwMDAwMDAwMH0%3D,A young male from Ho Chi Minh City with a southern accent and a soft voice. perfect choice for narrative and storytelling.
2026-08-15,jAAHNNqlbAX9iWjJPEtE,1660580588b63dbec39e4ca21a160cef605969e84448cbc688655770170e64da,"Sara - Soft, Calm and Gentle",ar,Unknown,jordanian,female,young,confident,social_media,high_quality,150516017,2462015,108942,false,1,https://api.us.elevenlabs.io/v1/voices/jAAHNNqlbAX9iWjJPEtE/previews/audio?payload=eyJ2b2ljZV9zb3VyY2UiOiJjdXN0b20iLCJ3b3Jrc3BhY2VfaWQiOiI0YTkzYzU2ODllZTM0MDk5ODA5NTNjZDM2NDU1NTZiZiIsImZpbGVuYW1lIjoidVFZcXVaVmZacVdzZHZ6OVNLeHMubXAzIiwidGltZXN0YW1wIjoxNzg2ODEzMjAwMDAwMDAwfQ%3D%3D,"This voice clone is based on a natural female voice with a calm, expressive, and intelligent tone. It reflects a neutral Middle Eastern accent with clear articulation and a warm delivery, making it ideal for AI assistants, educational content, and professional narrations. Perfect for use in Arabic and bilingual (Arabic-English- French - Turkish) applications where clarity and trustworthiness are essential."
2026-08-15,OFHP1Qg30FPoNfkUFFlA,3bad179a81bed9f2135c20699d12fbb50c496a30ba898f3048c6d83ba80df824,"Adam - Deep, Rich and Expressive",ar,ar-EG,egyptian,male,middle_aged,confident,narrative_story,professional,145149937,1779505,179711,false,1,https://storage.googleapis.com/eleven-public-prod/database/user/6xGk10tnFoYNQEesvyt5wAixRrc2/voices/OFHP1Qg30FPoNfkUFFlA/d0EAPFshqfoHzLkWUsKz.mp3,"Experience a rich, expressive Arabic voice that blends clarity with warmth — perfect for narrations, audiobooks, documentaries, and emotional storytelling.
This voice features precise articulation, natural pacing, and a versatile emotional range — from calm and reflective to powerful and dramatic. Ideal for content that requires a genuine human touch, whether in Modern Standard Arabic or colloquial Egyptian.
A trustworthy voice that elevates your message and keeps your audience engaged."
2026-08-15,UNBIyLbtFB9k7FKW8wJv,206f4eff6b5968e9f6c7b72f8ad8cbc77a15ff5a37e50ee44a36f2aad93019ef,Serge de Beer - Professional Narrator,nl,nl-NL,standard,male,middle_aged,calm,informative_educational,professional,137997850,638603,36364,false,1,https://storage.googleapis.com/eleven-public-prod/database/workspace/099d1dc9ca1d4ca8922ad67d26a8327d/voices/UNBIyLbtFB9k7FKW8wJv/fS1o8uRWFIg7F0vzJ3Jn.mp3,"Middle aged Reliable Dutch voice, specialized in voice-over for instructional videos."
2026-08-15,9lHjugDhwqoxA5MhX0az,649d5d7a8d7cda374f337b08fe37fe9066686b8c337c4e357fb5f15ff9b699f9,"Anna Su - Casual, Friendly and Bright",zh,cmn-TW,taiwan mandarin,female,young,casual,social_media,high_quality,132646113,2791853,42028,false,1,https://storage.googleapis.com/eleven-public-prod/database/user/iWxuY2XaYrWRf6GQxIUY2M0J0gJ3/voices/9lHjugDhwqoxA5MhX0az/55SoO0ERY953JPIuC271.mp3,"A youthful and bright Chinese female voice with a soft, friendly tone — warm, conversational, and effortlessly engaging, like a friend catching up with you over coffee."
2026-08-15,s07IwTCOrCDCaETjUVjx,219e2c24fb2ce1f2a9727325609ced8e5548e2320fdd30d5f0e774c19e0604f8,"Hyunbin - Diplomatic, Clear and Measured",ko,ko-KR,seoul,male,middle_aged,professional,narrative_story,high_quality,132505955,2338789,95941,false,1,https://storage.googleapis.com/eleven-public-prod/hSWXaUomcSNh92DBdVimNedwBFB2/voices/s07IwTCOrCDCaETjUVjx/b9065609-ce5d-409b-b42d-59a39962f088.mp3,Cool Korean male voice. Great for Professional corporate PR narration.
2026-08-15,4VZIsMPtgggwNg7OXbPY,60079d355e8d217eb5d21249e688a09ac07a6d483c50a63560d9936211b5b100,"James Gao - Calm, Friendly and Warm",zh,cmn-CN,standard,male,middle_aged,calm,narrative_story,high_quality,125696589,1342650,35698,false,1,https://storage.googleapis.com/eleven-public-prod/database/user/qCmCyqVqIbevIuA9FVI25BpgadC2/voices/4VZIsMPtgggwNg7OXbPY/9fLlmDXPhO819IAIRK44.mp3,"A middle-aged Chinese voice in a calm, friendly tone. Perfect for narrative and storytelling."
2026-08-15,B8gJV1IhpuegLxdpXFOE,326987a0e96b328a15b0056915f06c20364d346e868deb24761e6453bb0c5f75,"Kuon - Cheerful, Clear and Steady",ja,ja-JP,standard,female,young,cute,characters_animation,high_quality,120756622,1293761,107138,true,1,https://storage.googleapis.com/eleven-public-prod/database/user/5InJxTNw62QKlkwHZntu42lkOMk1/voices/B8gJV1IhpuegLxdpXFOE/38bca842-43a2-4be7-9fbd-0097cca97d45.mp3,Acute female & fantastic voice.
2026-08-15,aN7cv9yXNrfIR87bDmyD,8c8f87dddfccb18ce488693f863a7b1cc43968cb8befeae75e34712c0bf2b763,Ninh Đôn – Deep & Warm,vi,vi-VN,northern,male,young,excited,conversational,professional,120524840,1779658,131956,false,1,https://storage.googleapis.com/eleven-public-prod/database/user/sOwFF8ejIvSefUvvGpTJ63HXubh1/voices/aN7cv9yXNrfIR87bDmyD/hfxx2raRzt2YVxtQiM8H.mp3,Young conversational male voice.
2026-08-15,x0u3EW21dbrORJzOq1m9,e3470d888d1ee2ed0d0c0ac223b8eb1ac417f8e4b8b6833373ad17f95fac46e0,Adam Composer - Resonant and Smooth,sv,sv-SE,stockholm,male,middle_aged,confident,narrative_story,high_quality,119676316,7335997,68036,false,1,https://storage.googleapis.com/eleven-public-prod/Clk6kdJ10yNzb14pOOqXKi1y5qW2/voices/x0u3EW21dbrORJzOq1m9/ffda0752-26f1-4341-8f31-161771679941.mp3,"Middle-aged Swedish male with a deep, resonant, smooth, pleasant and rich voice. Voice is calm and suitable for Narrations."
2026-08-15,RXCCWbOxP7Hisa63Xsv5,5713d19c76c69e53afaeb8b2025235aa77c859bdf4e6a3c913ff64498a49f855,"Adam - Calm, Relaxing and Informative",tr,tr-TR,istanbul,male,middle_aged,calm,narrative_story,high_quality,108045273,3292860,98555,false,1,https://storage.googleapis.com/eleven-public-prod/database/workspace/aac72c27d64142008ecb4d894a8d65c8/voices/RXCCWbOxP7Hisa63Xsv5/cZ7NewChsMrQUnCnbn4Z.mp3,An adult voice Over for audio guide
2026-08-15,GVRiwBELe0czFUAJj0nX,99e396778c0d03d0e2635568277979f01be7e3dc7e98ecc5d25a16a3e92c27e1,Anton - Friendly and Warm Storyteller,uk,uk-UA,standard,male,middle_aged,casual,narrative_story,high_quality,99742163,1023156,96032,false,1,https://storage.googleapis.com/eleven-public-prod/custom/voices/GVRiwBELe0czFUAJj0nX/E7fsygZN4CLpuyugUzMg.mp3,"A middle-aged Ukrainian man has a medium pitch and emotional tone to his voice. He speaks Ukrainian at a moderate pace, using moderate pauses between words, which helps to convey his thoughts clearly. He is well-suited for delivering news."
2026-08-15,sl57jAImqa2LsggCVUXt,4f32fafe59619d894eb8f99ea3bdba92222e4816045f82d02828fed19f8dc17b,"Leo - Reflective, Natural and Calm",it,it-IT,unknown,male,middle_aged,calm,social_media,high_quality,96407074,1001241,5756,false,1,https://storage.googleapis.com/eleven-public-prod/f078eVPZnQc91NFnRwjEiqsruL23/voices/sl57jAImqa2LsggCVUXt/cd01a8ff-cea9-4e98-acda-6a695f0ac0f0.mp3,Middle aged Italian male voice. Great for social media content.
2026-08-15,WeAAwKYcS06VmXw086yZ,e092f85cb7961adee2d248867d9dd185b3e890dff12b5d91c4fed26991b00c2f,Victoria - Warm and calm,fr,fr-FR,parisian,female,middle_aged,deep,narrative_story,high_quality,94062665,3632580,46263,false,1,https://api.us.elevenlabs.io/v1/voices/WeAAwKYcS06VmXw086yZ/previews/audio?payload=eyJ2b2ljZV9zb3VyY2UiOiJjdXN0b20iLCJ3b3Jrc3BhY2VfaWQiOiI5ZTc0MTgwOWMwODc0YWI0OWJlYzIwYzgzYzc4ZGNiYiIsImZpbGVuYW1lIjoiYmI5dXhLVlhHRHhNTUtSNlByZmoubXAzIiwidGltZXN0YW1wIjoxNzg2ODEzMjAwMDAwMDAwfQ%3D%3D,"High quality, deep, and calm. A young, fluid, and captivating voice, ideal for narration and audiobooks. Exceptional rendering quality to bring your projects to life!"
2026-08-15,m151rjrbWXbBqyq56tly,3f47bd76f83c29be67f5e7464348cc1cf119265ba47fdbad8b64f6c354af83e4,"Carla - Inviting, Warm and Helpful",pt,pt-BR,brazilian,female,young,professional,informative_educational,high_quality,92473903,2649523,45705,false,1,https://api.us.elevenlabs.io/v1/voices/m151rjrbWXbBqyq56tly/previews/audio?payload=eyJ2b2ljZV9zb3VyY2UiOiJjdXN0b20iLCJ1c2VyX2lkIjoiSEJ4NFRCTUNncVJXQTNTSlJuOVR6cnBSWHJMMiIsImZpbGVuYW1lIjoiemNLZUZSRzQ1OVBuMmJtOWdtR3YubXAzIiwidGltZXN0YW1wIjoxNzg2ODEzMjAwMDAwMDAwfQ%3D%3D,"Young Brazilian female and corporate voice for your institutional videos.

Credibility and impact for the institutional sector, but not only that!"
2026-08-15,AVIlLDn2TVmdaDycgbo3,9f157b6eb812bfa4760eac4ae1de7cd876927bb0bbdebc3cda06b498dab785cd,Eric Sijbesma - Natural and Authentic,nl,nl-NL,unknown,male,middle_aged,confident,conversational,professional,82181855,896292,27431,false,1,https://storage.googleapis.com/eleven-public-prod/custom/voices/AVIlLDn2TVmdaDycgbo3/JbIwJwa6R5IlWcdyTP8X.mp3,Dutch middle aged man. Voice is great for conversations.
2026-08-15,KVzG2JMdZJKi6y7cwERP,bf0ece085388fd87c89f37ee539ae3a200a91e8fd07d1b4865d2b231b2bb13c0,Quang Nguyen - Warm and Dynamic,vi,vi-VN,northern,male,middle_aged,confident,narrative_story,professional,73365292,669120,52830,false,1,https://storage.googleapis.com/eleven-public-prod/database/user/aaVU9U8RcJTLZ80aHbgW3PcvNZi1/voices/KVzG2JMdZJKi6y7cwERP/2f0e77a9-a1d1-4295-ab0b-d3b259810ce8.mp3,"Baritone voice, warm and dynamic. Natural, friendly reading voice, suitable for entertaining podcast content, YouTube videos, or dubbing young characters."
2026-08-15,hZTuv9Zqrq4yHYrEmF1r,29f5388195d2631d13993e7f988c8f402c68c1499a227969fefa53566d228f1c,"Adam Li -  Deep, Steady and Calm",zh,Unknown,singapore mandarin,male,middle_aged,deep,narrative_story,high_quality,71868030,1115031,109178,false,1,https://storage.googleapis.com/eleven-public-prod/database/user/quDcGrthgkcACCa12rwG8Xzyp5Q2/voices/hZTuv9Zqrq4yHYrEmF1r/MReL0fdboS5j8sjxEN0K.mp3,"Smooth and steady with a touch of depth—like something you’d hear on late-night radio. It doesn’t try too hard, but still pulls you in. Perfect for narration, storytelling, audiobooks, or any calm yet compelling voiceover work."
2026-08-15,cLAH1kXlkAivJHxCW601,17f3d10a30c42fdac07a6f26feda26b7892eea50287931c0727fcf66ceb0fd46,"Olivia - Bright, Youthful and Engaging",sv,sv-SE,stockholm,female,young,professional,conversational,high_quality,63002766,12245093,6920,false,1,https://api.us.elevenlabs.io/v1/voices/cLAH1kXlkAivJHxCW601/previews/audio?payload=eyJ2b2ljZV9zb3VyY2UiOiJjdXN0b20iLCJ1c2VyX2lkIjoib05DdkpNcDNtWGJqaFFPOEVjZ1ZTUm9aRXYxMiIsImZpbGVuYW1lIjoiVGRJYXhFYjFiSDVHcmZUQUd1c0UubXAzIiwidGltZXN0YW1wIjoxNzg2ODEzMjAwMDAwMDAwfQ%3D%3D,"Olivia’s voice is bright, youthful, and engaging — bringing a natural warmth that makes every interaction feel genuine. Her clear Swedish diction and lively tone create an approachable and modern sound, ideal for customer service, onboarding flows, or conversational AI. With her upbeat yet balanced delivery, she fits just as well in e-learning, explainer videos, or social media voiceovers. Powered by Voxifyer.com"
2026-08-15,enzbGixeo55iqn1QxbbC,b45c1524a1f360319535f16b301e5b6f37edf26fd1d59861eda66206ff25cdc9,Jon - Calm Presence,en,en-US,american,male,middle_aged,calm,conversational,high_quality,62508043,53864536,49758,false,1,https://storage.googleapis.com/eleven-public-prod/database/workspace/7bdd69d9e581481a8ea5216493271f81/voices/enzbGixeo55iqn1QxbbC/M4EXYCwimtFnwT92QFlR.mp3,"Calm, reassuring, and deeply human. Designed for healthcare, customer support, wellness, coaching, and emotionally sensitive AI interactions. Voiceover credits include the Calm app and more than 60 National Geographic narrations. Ideal for patient-facing agents, care navigation, concierge services, onboarding, and other high-trust conversational experiences."
2026-08-15,fQj4gJSexpu8RDE2Ii5m,98502da27d31153bf16a3b7acc4708333deb810b421a78e356e09261f54706f0,"Yu - Youthful, Energetic and Engaging",zh,cmn-TW,taiwan mandarin,male,young,gentle,conversational,professional,54675767,818443,49149,false,1,https://storage.googleapis.com/eleven-public-prod/database/user/8OXM7U7aZFcKI05Whl3sOM2HBaN2/voices/fQj4gJSexpu8RDE2Ii5m/xXnDtL0jvbLE622bVoEA.mp3,"Yu is a vibrant, upbeat voice in Traditional Chinese with a youthful Taiwanese accent. It is characterized by its energetic tone and engaging delivery. Perfectly suited for tutorials, podcasts, calls, and classes, this voice ensures clarity and captures attention with a professional yet approachable vibe."
2026-08-15,V5GZ9rfeV9jjKZE5NkT7,9ee96b94a9be549fb9e95427a9e8e9aa6426d16526d8e55db6c1948404b3a35a,Adam - Emphatic and Romantic,pl,pl-PL,standard,male,middle_aged,casual,conversational,professional,53643648,1240104,32098,false,1,https://api.us.elevenlabs.io/v1/voices/V5GZ9rfeV9jjKZE5NkT7/previews/audio?payload=eyJ2b2ljZV9zb3VyY2UiOiJjdXN0b20iLCJ1c2VyX2lkIjoiMm1obEdYT2RWSmNvT3B2MW10c29aSXRqOUZMMiIsImZpbGVuYW1lIjoiM2Q2ODNiMzktOTlhOC00ZTQzLTgwMGUtZjg4NTBhYWEzOTJjLm1wMyIsInRpbWVzdGFtcCI6MTc4NjgxMzIwMDAwMDAwMH0%3D,Good for emotional lyrics or narratives.
2026-08-15,aK834gEOxQEtviMPgurT,7079ba232953956e84bf48975f5bf278f56803dc9ae86dce7a872711c0858ac8,"Kang Nandar - Smooth, Soothing and Calm",id,id-ID,standard,male,middle_aged,deep,narrative_story,high_quality,52015536,1075660,28631,false,1,https://storage.googleapis.com/eleven-public-prod/database/user/ETsB2IbOineKj70qcMkn58yrBcX2/voices/aK834gEOxQEtviMPgurT/68SaFJEn2lvsj7OZFm2j.mp3,"A smooth, welcoming voice with a natural warmth — perfect for narrations, explainer videos, and story telling."
2026-08-15,XJa38TJgDqYhj5mYbSJA,15e624625cd15f8759df885586b51c79dcbf91a3c058494b0e5c1c474749a28e,Bella - Customer Support Agent,nl,nl-NL,standard,female,middle_aged,professional,conversational,professional,47411890,1403029,51524,false,1,https://storage.googleapis.com/eleven-public-prod/database/user/B0hq587F97TrJSffFacxX2rCxMA2/voices/XJa38TJgDqYhj5mYbSJA/FvInuo0RKNEGvmxeRcx2.mp3,Conversational Dutch female Voice.
2026-08-15,DowyQ68vDpgFYdWVGjc3,213859b1d1703a17daae1d56066a547571ab298b14e1a86eedd05126a8bf08b8,"Jason Chen - Deep, Magnetic and Calm",zh,cmn-CN,beijing mandarin,male,middle_aged,deep,narrative_story,high_quality,46871707,881160,76810,false,1,https://api.us.elevenlabs.io/v1/voices/DowyQ68vDpgFYdWVGjc3/previews/audio?payload=eyJ2b2ljZV9zb3VyY2UiOiJjdXN0b20iLCJ3b3Jrc3BhY2VfaWQiOiJmMTdlNzY0YjQ2MzU0OTM0YWViOTFhNDRkNDRiN2ZkMyIsImZpbGVuYW1lIjoiWjh6bnNZaXJXRTV3RVhNM1MxdTIubXAzIiwidGltZXN0YW1wIjoxNzg2ODEzMjAwMDAwMDAwfQ%3D%3D,"I am Jason Chen, a deep and magnetic Chinese male voice. My tone is calm, steady, and expressive, carrying a sense of confidence and composure. I am perfect for narrations, audiobooks, podcasts, and any content that needs a mature and captivating voice."
2026-08-15,JfznbVXrGXYh0gZo9Lcp,390a58a9028591db738f72fc4c42ba41942bc44d5591a6da3f47c34c90f3ebdc,"Antonio - Natural, Balanced and Calm",it,it-IT,standard,male,middle_aged,gentle,narrative_story,high_quality,43675809,484482,39033,false,1,https://storage.googleapis.com/eleven-public-prod/database/user/rh4Zkm8069hWltG1j5Wo8DgVQN32/voices/JfznbVXrGXYh0gZo9Lcp/d0693720-4116-47d5-a76c-769441c5a55f.mp3,"The kind of voice that instantly puts a smile on your face. Think fast-paced sitcoms, quirky narrators, or upbeat explainer videos."
2026-08-15,EbiSUflQjzm4g7S895SC,b0f2837ab607e8cd12a2f7327af8d88720f45812a30e3c660fb5056c69638773,Leo Antonio - Welcoming & Serene,pt,pt-BR,brazilian,male,middle_aged,classy,narrative_story,high_quality,39724990,2950696,25144,false,1,https://storage.googleapis.com/eleven-public-prod/database/workspace/772b3f45079a4be0b48b357c33b9da1a/voices/EbiSUflQjzm4g7S895SC/Qa8cMNDhzBZGDJ0W6WHu.mp3,"A Brazilian male voice with a deeply welcoming, calm, and inspiring tone. Ideal for narrating audiobooks, documentaries, radio and television commercials, educational projects, and accessibility content. It conveys confidence and warmth, making it perfect for guiding listeners through literary and institutional experiences."
2026-08-15,QC3gSHMyKh8m20lGyUNZ,3402612e641f4d426689c328e8a9d15a1160f930a21ea654b9f82b15a1cbb23f,Jonathan - News Anchor,id,id-ID,standard,male,young,chill,social_media,high_quality,38979246,1560320,39509,false,1,https://storage.googleapis.com/eleven-public-prod/database/user/M8zkxqbNulM7ofJiYBlqxqtXt4I3/voices/QC3gSHMyKh8m20lGyUNZ/xCEEZbtTFIZa4x2kyNOm.mp3,"The voice of a young man, clear, professional, and naturally chill that’s perfect for conversational, engaging social media content."
2026-08-15,ZSHzpa6aUvhjzShiBmYw,3d1fa6a5595e0a31fff8d7c1a2f2794b91ca87ddd200066dfbdfcef662a65a1b,Sanna Hartfield - Sassy and Natural,sv,sv-SE,stockholm,female,middle_aged,sassy,entertainment_tv,high_quality,35342365,1121718,34553,false,1,https://storage.googleapis.com/eleven-public-prod/custom/voices/ZSHzpa6aUvhjzShiBmYw/7pBsUd1ILgCpjTy8Wgbc.mp3,"Middle aged Professional, Swedish & sassy female voice. Perfect for Ads, TV, radio, social & audio books. Let's go Scandi..."
2026-08-15,JlfM9BOUS7FcsHfTqsAy,7398804d9eaf2f463899a907587c33a390591775784f87857b6d0e1e4e3e66f6,Vikram S - Gripping Documentary Host,hi,hi-IN,standard,male,young,intense,narrative_story,high_quality,34859343,15283320,24675,false,1,https://api.us.elevenlabs.io/v1/voices/JlfM9BOUS7FcsHfTqsAy/previews/audio?payload=eyJ2b2ljZV9zb3VyY2UiOiJjdXN0b20iLCJ3b3Jrc3BhY2VfaWQiOiJlZDliMDVlNjMyNGM0NTc2ODU0OTAzNTJlOWExZWM5MCIsImZpbGVuYW1lIjoiRmxvVHhpRFJIY05ibkRyVU5xanYubXAzIiwidGltZXN0YW1wIjoxNzg2ODEzMjAwMDAwMDAwfQ%3D%3D,"Vikram delivers a clear, confident, and gripping delivery built for documentary narration and hosting. His composed yet engaging style holds attention while conveying information with authority and clarity. Ideal for documentaries, factual series, explainers, interviews, long-form storytelling, and hosted narrative content. Perfect for YouTube documentary channels, OTT-style factual content, podcasts, educational platforms, and projects that require a reliable, commanding documentary presence."
2026-08-15,3MTvEr8xCMCC2mL9ujrI,4d46b7cba655e72996bcca63dc8947d565903de280e270134a598283561e6a75,"June - Calm, Clear and Steady",ko,ko-KR,seoul,male,young,calm,narrative_story,professional,31498540,231613,27811,false,1,https://storage.googleapis.com/eleven-public-prod/database/user/V0noQjJtOMYaa9fhrtHFK4lk25q2/voices/3MTvEr8xCMCC2mL9ujrI/523d79f8-0e61-4fe0-8a34-8126a7107060.mp3,Young Korean Male Voice. Great for Stroytelling.
2026-08-15,gpzZjtWbZNetDrq8CXKD,2b2ae7d068f487d8056dee6a547a6b7cc8abd004576f061a8b05b0e4f1e93542,"Yudo - Soft, Soothing and Calm",id,id-ID,standard,male,middle_aged,confident,narrative_story,high_quality,28121663,1447221,19964,false,1,https://storage.googleapis.com/eleven-public-prod/database/user/3eAdGX6snfS1KEp5ApQxMLMZiS33/voices/gpzZjtWbZNetDrq8CXKD/f558461e-8a6c-4b59-a60a-93f8e9e38321.mp3,"A dynamic and emotionally rich voice with native Indonesian warmth and natural English flow.
This voice spans across intimate whispers, playful teasing, heartfelt narration, cinematic delivery, and character-driven monologues.

Ideal for creators, brands, and storytellers who need a voice that feels personal, versatile, and grounded in real human emotion."
2026-08-15,GKDaBI8TKSBJVhsCLD6n,b2ad93fb9e7f6c33e86e8d513b321eb12b332eb7c7411ff162a9736efe0f4129,Asahi - Calm and Natural,ja,ja-JP,standard,male,young,calm,conversational,high_quality,27771233,261754,17041,false,1,https://storage.googleapis.com/eleven-public-prod/custom/voices/GKDaBI8TKSBJVhsCLD6n/kRQ5Gg7mqjJLf0Dary2z.mp3,Young male Japanese voice with a calm tone. Suitable for conversations.
2026-08-15,QD3mM8iI4N1qizZxCXmc,7398804d9eaf2f463899a907587c33a390591775784f87857b6d0e1e4e3e66f6,"Raunak M - Gripping, Powerful & Deep",hi,hi-IN,standard,male,young,modulated,narrative_story,high_quality,27186244,4728593,15993,false,1,https://storage.googleapis.com/eleven-public-prod/database/workspace/ed9b05e6324c457685490352e9a1ec90/voices/QD3mM8iI4N1qizZxCXmc/As4iDdEBN6mwyVq57g5E.mp3,"For Stories - Raunak M delivers a rich, theatrical depth that commands attention from the first word. His expressive, dialogue-driven Hinglish delivery brings intensity and life to cinematic storytelling — from mythology and ancient epics to documentary-style historical content. Ideal for faceless channels, audiobook production, mythology series, cinematic lore videos, and documentary filmmaking across entertainment, history, and cultural media platforms."
2026-08-15,fXhoW006nc5Wf8xkGVSy,88a8e00f1cc9f1565a7cc5c8e314adb4d386cc708fd340b6205639f150912203,Yunus - Soft and Natural,tr,tr-TR,istanbul,male,middle_aged,professional,social_media,high_quality,19785755,1275488,15866,false,1,https://storage.googleapis.com/eleven-public-prod/database/user/KK672SV9rvaAcGUUrNqdTYwrxNe2/voices/fXhoW006nc5Wf8xkGVSy/FT5u9CV9voHYtwZAI5D3.mp3,"Natural - Soft - Fluent - Dynamic Turkish male voice.
I have a natural and warm voice tone in the middle-age range. I offer a flexible and trustworthy voice that can be used in a wide variety of projects such as news, commercials, documentaries, explainer videos, corporate presentations, educational content, and animations. With accurate intonation, fluent delivery, and professional recording quality, I am here to add value to your projects."
2026-08-15,BqljjWyTnrioXPCNkCd4,2e514ccc44c5906fa3fb4c0fc516255c8cc3eb3a6bebd2311c442b6ac5c98c74,"Stella Gu - Cold, Indifferent and Calm",zh,cmn-CN,beijing mandarin,female,middle_aged,serious,conversational,professional,17837818,449657,8141,false,1,https://api.us.elevenlabs.io/v1/voices/BqljjWyTnrioXPCNkCd4/previews/audio?payload=eyJ2b2ljZV9zb3VyY2UiOiJjdXN0b20iLCJ1c2VyX2lkIjoiWmhOTkFOUmNqSmZGUmdLckZxRFhyZkVQcVFBMyIsImZpbGVuYW1lIjoiVDZ0dFV3V3k1WG85NmplNlo1ZncubXAzIiwidGltZXN0YW1wIjoxNzg2ODEzMjAwMDAwMDAwfQ%3D%3D,"A cold, apathetic female voice with a calm, distant tone. Minimal emotion, clear delivery, and a quietly detached presence."
2026-08-15,0ptCJp0xgdabdcpVtCB5,29549ee69d418c36c6ad7507edc74dc8fd970b1c5f53946a05035c8fe3f4379d,Yoko Honda - Soft female voice,ja,ja-JP,standard,female,young,cute,conversational,professional,17146626,870737,24077,false,1,https://storage.googleapis.com/eleven-public-prod/database/workspace/908f673a1a1d4d7fa450f62d061f96dd/voices/0ptCJp0xgdabdcpVtCB5/3ed2ceb5-9cd2-4a21-9760-2ab0de8fa743.mp3,"Your Japanese Voice Solution.

A clear, warm, and natural Japanese female voice.
My voice is professional, easy to understand, and gentle on the ears—ideal for global audiences."
2026-08-15,5n5gqmaQi9Ewevrz7bOS,94305a63704ac03992e2fc49b57d5729ab5c6f0add2eb60004fb3d2e78dc20a9,"Sian - Tender, Clam & Clear",ko,ko-KR,standard,female,young,calm,narrative_story,professional,17090129,1184300,12528,false,1,https://storage.googleapis.com/eleven-public-prod/database/workspace/0599cced02a740299b1782629818a7aa/voices/5n5gqmaQi9Ewevrz7bOS/rFBSP0tPerBKanVcVfjO.mp3,Young Korean female voice. Great for Narrations.
2026-08-15,Na15FlRRkMEDtEW4nVVP,9ef00b82e797a06b29f48ca424ebfeb520beab84dc10a0d175a6a495ff6eb35f,Thanh Ngọc - Warm & Trusted Expert,vi,vi-VN,southern,female,middle_aged,calm,conversational,high_quality,14319846,1964869,12645,false,1,https://storage.googleapis.com/eleven-public-prod/database/workspace/fe9272e0064e4240a5ba1a8f70facffc/voices/Na15FlRRkMEDtEW4nVVP/efSopyeELYiSzaTdIVHq.mp3,"Warm, natural and trustworthy Vietnamese female voice. Southern neutral accent. Perfect for podcasts, educational content, storytelling, product reviews, health, finance and professional content. Friendly expert tone, clear pronunciation, conversational and easy to listen to for long-form audio."
2026-08-15,ZswvODxwIaNVszyBPqBF,c3577e97f0e1328e416de380cd628087d4cb745579796d8a01884d5ac0de6f39,Irene - Reflective thinking,de,de-DE,standard,female,middle_aged,serious,narrative_story,high_quality,10541985,863404,6590,false,1,https://api.us.elevenlabs.io/v1/voices/ZswvODxwIaNVszyBPqBF/previews/audio?payload=eyJ2b2ljZV9zb3VyY2UiOiJjdXN0b20iLCJ3b3Jrc3BhY2VfaWQiOiJmMDE5MGEzODVkZDI0YTNiOTI5MTg3ODlmNzBlMzE1OSIsImZpbGVuYW1lIjoiZlEzNVROMXl1V3VSQ0ZVYWFwZVEubXAzIiwidGltZXN0YW1wIjoxNzg2ODEzMjAwMDAwMDAwfQ%3D%3D,"A thoughtful, honest female voice with a serious and reflective tone. Calm, grounded, and emotionally sincere, conveying depth, intelligence, and authenticity. The delivery feels mature, composed, and introspective — never exaggerated. Clear, steady pacing with subtle emotional weight, suitable for meaningful storytelling, personal reflections, and serious narrative content. Good for Audiobooks, documentaries, journalistic narration, serious topics, memoirs, therapy content, educational material"
2026-08-15,N0wraTTB0pquzsz3DLG8,540f5867d05b1981787e26a8c3455bec317f333df52b156c05ab4a4d25b40180,"Nil - Dynamic, Playful and Clear",tr,tr-TR,standard,female,middle_aged,unknown,social_media,high_quality,9245786,189785,9270,false,1,https://storage.googleapis.com/eleven-public-prod/database/workspace/084d4dc98ea546d6a6d5bf92c031be9a/voices/N0wraTTB0pquzsz3DLG8/jUNZ8m2NH0qWSYpXORpa.mp3,"Middle-aged female with perfect pacing for all languages. Dynamic, playful, clear, powerful narrator which fits perfect for almost all genres."
2026-08-15,4NQthjVhIGGVfL3Si000,39d845c0359a1935ac0ba8ab60e695551a453bd4717d51c1a2fc3e088810920a,Chen Mandarin Chinese,zh,cmn-TW,taiwan mandarin,female,young,casual,social_media,professional,7586428,331509,9652,false,1,https://storage.googleapis.com/eleven-public-prod/database/workspace/2d6ac8c7f1724afc98e7baffe264d777/voices/4NQthjVhIGGVfL3Si000/831ad48d-692b-46bd-b96a-f0504030212d.mp3,"Native Mandarin Chinese voice with a gentle Taiwanese accent. Clear, warm, and natural delivery — perfect for daily dialogue, storytelling, audiobooks, narration, podcasts, and lifestyle content. My tone is conversational, friendly, and emotionally expressive while maintaining clarity and professionalism."
2026-08-15,ZsjEJaLQy3sgvwxicmDx,5c3a5371161ed2a7a4b3ed617dad7247ff46a4c9a2d4f9e7af18fb635e971dc6,Quang Toan - Deep Vietnamese Storyteller,vi,vi-VN,southern,male,middle_aged,calm,narrative_story,professional,5536696,937462,7395,false,1,https://storage.googleapis.com/eleven-public-prod/database/workspace/d34501e492854e51876b1e466f1e9254/voices/ZsjEJaLQy3sgvwxicmDx/ArqPV7irBkPMVFekCK5q.mp3,"A deep, calm and resonant Vietnamese male voice with clear articulation, warm tone and steady pacing. Suitable for storytelling, audiobooks, documentaries, history narration, educational videos and professional voice-over."
2026-08-15,0p9W8EFOJbkw3zD1oNop,0406f818be93b47c27d32708bf498239176d16ee33275c4a39691af7415dcb1f,Alex - Warm Storyteller,uk,uk-UA,standard,male,middle_aged,calm,narrative_story,professional,5081567,51596,5316,false,1,https://storage.googleapis.com/eleven-public-prod/database/user/jjvDk2XToye2fyexxuqc4XwmnDk2/voices/0p9W8EFOJbkw3zD1oNop/380c2c7d-d53d-488a-9ef2-4506136409d6.mp3,"A versatile and authentic Ukrainian male voice with a warm, grounded, and engaging tone. Perfect for a wide range of content: from soothing bedtime stories and fairy tales to epic historical narrations and myths. It features natural resonance and clear articulation that builds a deep connection with the listener"
2026-08-15,9ambBcBMpHAeeFp1uJUB,a58e416ae2c387579de340681fdbb3f53e040246ee8f117d13ad66538d6192ce,Simon,sv,sv-SE,gothenburg,male,young,confident,social_media,professional,4798585,89395,2308,false,1,https://api.us.elevenlabs.io/v1/voices/9ambBcBMpHAeeFp1uJUB/previews/audio?payload=eyJ2b2ljZV9zb3VyY2UiOiJjdXN0b20iLCJ3b3Jrc3BhY2VfaWQiOiI0N2YyYmZjNDJiZTY0ZDAyODYzOThiZTUwODBhMzI1OSIsImZpbGVuYW1lIjoiTXlvRWsxZlV4NEZzWGNrVEJVNU8ubXAzIiwidGltZXN0YW1wIjoxNzg2ODEzMjAwMDAwMDAwfQ%3D%3D,Pedagogical voice for educational content on social media. Västra Götaland dialect.
2026-08-15,brChkoggsUHF1stW6omH,1f8090e7b6ab3a9d53a4cf0acd183d1ab6d74e79bac9901d959137f168defef2,"Ethan Zhang - Deep, Seductive and Smooth",zh,cmn-CN,beijing mandarin,male,middle_aged,deep,narrative_story,professional,4642004,170720,12107,false,1,https://api.us.elevenlabs.io/v1/voices/brChkoggsUHF1stW6omH/previews/audio?payload=eyJ2b2ljZV9zb3VyY2UiOiJjdXN0b20iLCJ3b3Jrc3BhY2VfaWQiOiI5YWE4NTU0NjE0NGM0MTgyYTdjYWYxMzhiYTQwOTVlZiIsImZpbGVuYW1lIjoidUQySkIzbGpJVXRUQkJ5ZzBxancubXAzIiwidGltZXN0YW1wIjoxNzg2ODEzMjAwMDAwMDAwfQ%3D%3D,"A deep, smooth, and seductive male voice with a magnetic tone. Perfect for storytelling, romantic content, audiobooks, and cinematic narration. Warm, confident, and emotionally engaging."
2026-08-15,D50w2srwVohKTPx9X6Th,ebf4ab49c04ed0dd547b515e9607ee00197c8172ccaa14a60df7ecef311d776a,Evie,nl,nl-BE,flemish,female,middle_aged,gentle,narrative_story,professional,4383288,387272,2244,false,1,https://storage.googleapis.com/eleven-public-prod/database/workspace/0d51a15926b543d58ca61e61b3204d3b/voices/D50w2srwVohKTPx9X6Th/8b1a4248-d459-4f2b-9f3c-86a867b35729.mp3,Warm and supportive voice.
2026-08-15,BNr4zvrC1bGIdIstzjFQ,0183dfc45a8c273b5ffa12e900b87c14bcb2bce6b9d0328fe2b49f9ef58742b0,Harry Kim - Children's Storytelling,ko,ko-KR,standard,male,middle_aged,pleasant,narrative_story,high_quality,4120067,237819,8289,false,1,https://storage.googleapis.com/eleven-public-prod/database/user/FDPeiNARjeOjJTmdWOK1Q8XIB452/voices/BNr4zvrC1bGIdIstzjFQ/6krY4zlZhQR5tKIP8XZB.mp3,"Loving, expressive, and clear - the ideal voice for children’s book narration, family audiobooks, and educational content for young learners."
2026-08-15,W4ZBKBsXCMS1XKvLLTlU,649d8754b23c6c1ae11ae379fa21282601573d3569d2ed49669e476342dd3b70,Marlena,uk,uk-UA,standard,female,young,cute,conversational,high_quality,2654639,364312,2184,false,1,https://storage.googleapis.com/eleven-public-prod/database/workspace/54f300fb24234603b1e67d885fae2eec/voices/W4ZBKBsXCMS1XKvLLTlU/9ae16d0a-b77b-4f44-b8d6-959546c335f7.mp3,"A natural, warm, and expressive voice with clear pronunciation and a friendly feel. Great for storytelling, videos, podcasts, educational content, presentations, and social media."
2026-08-15,6YjFofyVXU1ASguf2hTJ,e560cff6983838369e6b8ae549c8b7d1dddab867b53105ec7e407389c133edaf,Maxim - Conversational & Natural,ru,ru-RU,moscow,male,middle_aged,neutral,conversational,high_quality,1748481,670913,1138,false,1,https://storage.googleapis.com/eleven-public-prod/database/workspace/15d407b437b5436eb3fcbbe2d9b8fe73/voices/6YjFofyVXU1ASguf2hTJ/vk152aiQNX0gzBe5A4xl.mp3,"Natural Russian male conversational voice with a calm, authentic, and approachable tone. Ideal for AI assistants, voice agents, podcasts, videos, explainers, and educational content. Friendly, trustworthy, and engaging without sounding overly dramatic or announcer-like. Subtle emotional expression and natural pacing make it suitable for both professional and everyday conversations. This middle-aged voice is designed for long listening sessions while maintaining a realistic human feel."
2026-08-15,GmkWJneRwj7Dm7KM5NPf,60f3de7e1756e6b779d980c393cedf9977cbf030d22815e694f444978dbcb2d1,BonaErwin - Bahasa Indonesia,id,id-ID,standard,male,old,formal,informative_educational,professional,1448188,647432,1555,false,1,https://storage.googleapis.com/eleven-public-prod/database/workspace/a07e849e320344978db7cf8bda88ac9a/voices/GmkWJneRwj7Dm7KM5NPf/455e85a6-cdac-44f7-89f7-af23ad0b15d2.mp3,A formal tone using Indonesian.
2026-08-15,hwUdOgklauWfElDEbb8r,65d41e82d85560e5fee2ecbb385efd9a55954a63c89f524482d2a54a565dc654,"Robin - pleasant, calm & soothing",nl,nl-NL,standard,male,middle_aged,calm,conversational,professional,843714,45449,483,false,1,https://storage.googleapis.com/eleven-public-prod/database/workspace/ab5f7cf01be24fd2a047ec9533ba2117/voices/hwUdOgklauWfElDEbb8r/35eaf15b-ed03-48ca-91f4-0083e7529514.mp3,Calm and trustworthy voice.
2026-08-15,5FNeYl6NmyAXYQWW7CEV,c830fb28ad3a672b675e3f38b0ee9afd11e0ecf247f6526f6a9653f4dae1312b,Yoshiki - Everyday Japanese Narrator,ja,ja-JP,standard,male,young,calm,narrative_story,professional,728096,319000,808,false,1,https://storage.googleapis.com/eleven-public-prod/database/workspace/db1a000626204317a3ea52339e52ce16/voices/5FNeYl6NmyAXYQWW7CEV/I6rdusb4dsc1ydbC2LRM.mp3,"The calm, natural voice of a man in his early thirties. With a warm and easy-to-listen-to tone, he is suited for a wide range of applications, from casual conversation to narration. He conveys an impression of approachability and trustworthiness."
2026-08-15,zyfJspwEDo0sxPeFmtsn,b8cc4c6375a34ce67ea2b558b7f86aadca244d61e6301b769e5bc140225ff452,Malin - Professional Swedish Narration,sv,sv-SE,standard,female,middle_aged,professional,informative_educational,professional,590094,382910,171,false,1,https://api.us.elevenlabs.io/v1/voices/zyfJspwEDo0sxPeFmtsn/previews/audio?payload=eyJ2b2ljZV9zb3VyY2UiOiJjdXN0b20iLCJ3b3Jrc3BhY2VfaWQiOiI5OTdlMDk2N2I5ZDI0ZGUzODgyMjA1NDMwMzMzNmVjYiIsImZpbGVuYW1lIjoiWEEyRGVQbTlUWG9NZmNTZ3JQeUoubXAzIiwidGltZXN0YW1wIjoxNzg2ODEzMjAwMDAwMDAwfQ%3D%3D,"Clear and natural Swedish narration voice. Perfect for e-learning, guides, explainers, corporate content, commercials and information films. Clear articulation, engaging and trustworthy."
2026-08-15,5YVVTVlHuEcIu0JBLbEF,b50ad0cd738b9e3c2cef7ae2abec5cd1dc6f83a4fb540ff9cd383f037b397c4b,Ongky Himawan - Calm & Deep,id,id-ID,standard,male,middle_aged,calm,conversational,professional,350824,350824,354,false,1,https://storage.googleapis.com/eleven-public-prod/database/workspace/143af1e0a2f8435e8c86be2236e7ad4d/voices/5YVVTVlHuEcIu0JBLbEF/53e42f55-e489-4999-b493-9b70de6617b6.mp3,"A deep, calm, and resonant male voice with a confident tone. Perfect for professional narration, tutorials, audiobooks, and commercial projects."
2026-08-15,yFgkuUnlOWx3k7ezUZQm,15c21ba8fcb772ff8a3a78c44dee376f2b81114a86f8286d8cb5bc432c21dfe0,"Mykhailo Grushevski - Warm, Deep, Rich",uk,uk-UA,standard,male,middle_aged,excited,narrative_story,professional,312193,312193,284,false,1,https://storage.googleapis.com/eleven-public-prod/database/workspace/cb24b4406dfc474092429b2c1d88c10c/voices/yFgkuUnlOWx3k7ezUZQm/wIAVFa3U2vhdoW8tSXph.mp3,"A textured, deep, and warm Ukrainian male voice channels raw emotion and gravity into every story."
2026-08-15,Up7PmvlWFYKWZBMLxF8I,6973ebd68fa19e3bc7e507b71ba3e2a3ee6ae5712fd9d9a2d621e6fb079bb5ff,Alex - Warm French Narrator,fr,fr-FR,standard,male,young,gentle,narrative_story,professional,225849,225849,257,false,1,https://storage.googleapis.com/eleven-public-prod/database/workspace/9dfcc103e3794cc4b84d9d4179472eff/voices/Up7PmvlWFYKWZBMLxF8I/58qN2IPsuTc3tkWjUlLW.mp3,"A warm, natural male voice with clear diction and a relaxed pace. Great for narration, explainer videos, audiobooks, and voice-overs. Recorded in a quiet studio setting with a wide range of tones — calm, upbeat, informative — for a natural feel across different contexts."
2026-08-15,QouzJLH7fheAS14WUlAd,7e2e9b52a190932a667758712d8b7578a3c3df31c1d4f324dad942a8ac07f309,Marie,sv,sv-SE,standard,female,middle_aged,calm,narrative_story,professional,207561,85432,70,false,1,https://api.us.elevenlabs.io/v1/voices/QouzJLH7fheAS14WUlAd/previews/audio?payload=eyJ2b2ljZV9zb3VyY2UiOiJjdXN0b20iLCJ3b3Jrc3BhY2VfaWQiOiI5ZjUxODQzMDRiOGE0MmNmYjA2MWNhNzUyODBjZmE0NCIsImZpbGVuYW1lIjoiYzdlZDZkNjEtZmJiYi00ZTI5LWFlMGYtMzljNmVhODg3ZjFhLm1wMyIsInRpbWVzdGFtcCI6MTc4NjgxMzIwMDAwMDAwMH0%3D,Calm and Friendly.
2026-08-15,i0LyBJtiiFlNzyMX3nIu,2c603ae264697aec2034b9cdc51562a3e01a62fe2eaaed7ecc84b565c38dc2b1,"Zehra - Soft Cheerful, Turkish",tr,tr-TR,istanbul,female,young,classy,social_media,professional,132647,132647,50,false,1,https://storage.googleapis.com/eleven-public-prod/database/workspace/97bfe911ffb8471f8259f86c9825fad0/voices/i0LyBJtiiFlNzyMX3nIu/87215fab-0cb4-4733-9777-6bf3a6eb86dd.mp3,"An energetic, striking, and modern Turkish voice. Suitable for advertisements, social media videos, Reels content, and promotional materials. Features strong emphasis and an engaging delivery style."
2026-08-15,UHp3HUhmilCQvUIfbPAz,0da9cff86602f1c1c06075f35c0b83d6b4e0e20329383f549fe21a733324c4fb,Bob - Audiobooks & Corporate,pl,pl-PL,standard,male,middle_aged,neutral,narrative_story,high_quality,129288,69804,167,false,1,https://storage.googleapis.com/eleven-public-prod/database/workspace/6e868d53c78c4ef3b9921626d8768953/voices/UHp3HUhmilCQvUIfbPAz/bDE2UW9Wr2pWm7VHWK94.mp3,"Premium, broadcast-quality voice recorded in the studio with a Neumann microphone and Focusrite ISA One preamplifier. Perfect for high-end audiobooks, documentaries, energetic commercials, and corporate videos. Multilingual capability with natural flow. No noise floor, no pops, no mouth clicks!
NOTE: This is a raw, unprocessed voice, so you may add EQ, compression, and limiting as desired."
2026-08-15,yxcG28bYeAMra6K4nj10,2f995e0452cab22f8e37ff7fe5dddab4d0c161820dbeebbe42c1fa0433dbbb49,Osmar,pt,pt-BR,brazilian,male,middle_aged,chill,conversational,professional,109646,109646,13,false,1,https://api.us.elevenlabs.io/v1/voices/yxcG28bYeAMra6K4nj10/previews/audio?payload=eyJ2b2ljZV9zb3VyY2UiOiJjdXN0b20iLCJ3b3Jrc3BhY2VfaWQiOiJjMDBhODdlMzg1MWY0ODk4YTJlNDA0MWYyM2YwMzM5ZCIsImZpbGVuYW1lIjoidjkwbFNDcGZJbldyaVF4NDZKTzUubXAzIiwidGltZXN0YW1wIjoxNzg2ODEzMjAwMDAwMDAwfQ%3D%3D,Calm and natural.
2026-08-15,4AfodMgwXps9oZFhHzoj,124da371b8bd533d5848b3061cfcfcf69d83208413b10cfb3cf3377ef71314be,Yun - Prime Mandarin Broadcast Anchor,zh,cmn-CN,beijing mandarin,female,middle_aged,professional,narrative_story,professional,99773,99773,113,false,1,https://storage.googleapis.com/eleven-public-prod/database/workspace/9ed19418f10a472b8c8786915a78fb0a/voices/4AfodMgwXps9oZFhHzoj/R8xWDYjK88lFNTFqtaZq.mp3,"Female Mandarin voice. Professionally trained broadcaster, two decades of daily on-air news. Certified Putonghua Proficiency Test Level I Grade A — China's highest Mandarin grade. Standard Putonghua, broadcast diction, natural pacing for news, e-learning, corporate video, audiobooks, documentary narration, short-form video, IVR, and conversational AI."
2026-08-15,sqXqTu8r5cIW76KjZdnE,d1185cf4cc804dbf20851ab9622fb45908df89ae846535e4b44e6c401237bd62,Fried-jan,nl,nl-NL,standard,male,middle_aged,calm,unknown,professional,87118,87118,24,false,1,https://storage.googleapis.com/eleven-public-prod/database/workspace/5f0a1a5867904f4f955f9916bf19abc5/voices/sqXqTu8r5cIW76KjZdnE/vwsZzqFN9bzYMC570R3l.mp3,"A warm, confident Dutch male voice with natural pacing and clear articulation. Professional yet approachable well suited for corporate AI voice agents and personal narration alike."
2026-08-15,F29zjlh5Wug425uW3MAD,794d5dc3ea7b73e74485493803d644407bdaee44d59d35a9d031902ecaf6850c,Ara- BR,pt,pt-BR,brazilian,female,young,classy,narrative_story,professional,71584,71584,24,false,1,https://api.us.elevenlabs.io/v1/voices/F29zjlh5Wug425uW3MAD/previews/audio?payload=eyJ2b2ljZV9zb3VyY2UiOiJjdXN0b20iLCJ3b3Jrc3BhY2VfaWQiOiI1YzIwZjRlZjdhZTM0YmQ3OGQ5YWY2YjAwOWNkOTA2YiIsImZpbGVuYW1lIjoiY2Y3YzBiOTctNTVjZi00MDQzLTg0NjctNmViMjhmMGE2OTA2Lm1wMyIsInRpbWVzdGFtcCI6MTc4NjgxMzIwMDAwMDAwMH0%3D,"Brazilian female voice in her 30s+ from Rio de Janeiro, with a natural, warm, and engaging delivery."
2026-08-15,b3FDzVJsu4VjESdDgFZg,7398804d9eaf2f463899a907587c33a390591775784f87857b6d0e1e4e3e66f6,Devi - Young Marwadi Confident Girl,hi,Unknown,marwadi,female,young,confident,conversational,professional,56546,56546,148,false,1,https://storage.googleapis.com/eleven-public-prod/database/workspace/ed9b05e6324c457685490352e9a1ec90/voices/b3FDzVJsu4VjESdDgFZg/k0tampCum4lzCMy6HkOj.mp3,"Bold, energetic and refreshingly real — Devi brings a young Marwadi conversational energy that makes every interaction feel genuine and alive. Her confident, natural delivery works across companion apps, casual AI chat, and everyday dialogue where an authentic regional presence builds instant connection. Perfect for Marwadi conversational AI platforms, companion apps, and regional consumer brands building voice experiences for Rajasthan and the global Marwadi community."
2026-08-15,3zNr3oatqLMRzXfZo7tc,ce87714e57143ac020fb648b5eb61735e03e4b1f49501024de19d2cecd2dfba7,Paweł - Natural Polish Narrator,pl,pl-PL,standard,male,middle_aged,professional,narrative_story,professional,41783,41783,14,false,1,https://storage.googleapis.com/eleven-public-prod/database/workspace/8c2268590ec04d93b3dd35cd2de79118/voices/3zNr3oatqLMRzXfZo7tc/5a36f0d1-4a10-4872-8080-894b1e6052d8.mp3,"Warm, low Polish male voice with natural, confident delivery. Clear, trustworthy, conversational, suited for documentaries, education, e-learning, corporate, and long-form narration."
2026-08-15,HzwYrDmvbdseqvhVjJVs,d4a42febd70f2f077e7e8e03be73ea6bab6c0dd93c4a1a41c0670a6a7fa7e1f9,Ihor Sydoreko,uk,uk-UA,kiev,male,middle_aged,casual,social_media,professional,38369,38369,13,false,1,https://storage.googleapis.com/eleven-public-prod/database/workspace/44b0c3deeb3e4dc690e5431dc32fd386/voices/HzwYrDmvbdseqvhVjJVs/c1287061-c6ac-414d-866a-f4cacc271e18.mp3,Nice and calm voice.
2026-08-15,5tchUVOccSvkkTTOHimz,0b02e097f76f8ed23175a0ce78aba12ce9378c7bf036ed49af14267458009bf2,Pat,en,en-US,american,male,middle_aged,confident,conversational,professional,37005,37005,13,false,1,https://storage.googleapis.com/eleven-public-prod/W5sElUXQwQPII4GaazLwN31Cz9b2/voices/5tchUVOccSvkkTTOHimz/fccfb25a-6d21-4af4-b4ca-410ce37a5a7c.mp3,Pat is an older male American accent from California.
2026-08-15,wwW0aOSbbYgXMec1zRTp,a7180411fa3bc878936b1f53d60732bad321eee978465914d8a5ad0fa439c171,"Dauphine - Soft, friendly, narrator",nl,nl-BE,flemish,female,young,neutral,narrative_story,professional,30555,30555,28,false,1,https://storage.googleapis.com/eleven-public-prod/database/workspace/b537f68ec7574f2494d4c139db94b69b/voices/wwW0aOSbbYgXMec1zRTp/6m5SuheAGvGFdUpEdqtJ.mp3,"Soft, calm, professional, informative, friendly, neutral but warm, youthful, Flemish (native Belgian). Authentic Flemish. Ideal for instruction videos, corporate narration, non-fiction narration, audiobooks, podcasts, e-learning, news reading, professional explainers, meditation, customer service.Sounds great in Dutch, French, German, Spanish."
2026-08-15,PSvrh6w41Qm19oaaHLca,905feaaa37e51d6a0ff85498a8bafeed8bf6b45a0d92a966f2b6ec9ef5d03326,Anna,zh,cmn-CN,beijing mandarin,female,young,cute,narrative_story,professional,26350,15234,60,false,1,https://storage.googleapis.com/eleven-public-prod/database/workspace/b9b84e3cccb3428dbc49dfda0aaeef38/voices/PSvrh6w41Qm19oaaHLca/881e0979-daaf-40b3-8eff-de66470cb392.mp3,"Warm, natural female voice."
2026-08-15,tYgp5rDOoqfI7GImkD2d,3c80ed4c54acd817eb1e3906b5e4432910c1dae991b2961c3dac0e42caaed34e,Api,ja,ja-JP,kanto,female,young,cute,narrative_story,professional,25995,25995,85,false,1,https://storage.googleapis.com/eleven-public-prod/database/workspace/a787c61bcb5f4b60ac3e68ca7edbe1d3/voices/tYgp5rDOoqfI7GImkD2d/vn0v8zOb3kxRtB0j6PpT.mp3,Suitable for a cute female voice or narration explaining AI-related topics.
2026-08-15,brrODMoSdgeiEBNhadpu,7e7329e0a24e265dc7b04d23ed76be51ffcf64dd787684933eae04dbf1364f89,"Sun - Calm, Warm Korean Female",ko,ko-KR,standard,female,middle_aged,calm,narrative_story,professional,25598,25598,56,false,1,https://storage.googleapis.com/eleven-public-prod/database/workspace/d4cc8be723c7423c895dde9cea743d29/voices/brrODMoSdgeiEBNhadpu/xiJbmSXA6gIpKuSIRQ8Y.mp3,"A warm, calm, and trustworthy Korean female voice with clear pronunciation and a natural, professional tone. Ideal for audiobooks, educational content, essay narration, recipe guides, documentaries, and relaxing podcasts."
2026-08-15,NZxSzTQSMSWwkdFLuZsv,b74387f7524da7b55f76f39abe51d7288b1160afd46b2a40d3c2c3b61355d58e,Dean - Warm & Instructional,nl,nl-NL,standard,male,young,pleasant,informative_educational,professional,24844,10528,24,false,1,https://storage.googleapis.com/eleven-public-prod/database/workspace/d3aec9553b7b402e90677ffe7982f1d7/voices/NZxSzTQSMSWwkdFLuZsv/1mCzLS5E6eKevqwC8qYs.mp3,"Clear, calm and professional medical instruction voice with a neutral, trustworthy and reassuring tone. Perfect for physiotherapy, rehabilitation, patient education, healthcare training, clinical presentations, medical e-learning, wellness and fitness content. Suitable for physiotherapists, physicians, nurses, healthcare organizations, educators and medical content creators. Designed to deliver clear, confident and natural-sounding instructions for both professionals and patients."
2026-08-15,wDkXkmTqABGFuqM5TDga,49976bf3ed2f7e87ae1ae36b1a4b367d5a06830fbc9b133c6abad16f40147d48,Lucas - U.S. Male English Teacher,en,en-US,american,male,young,confident,informative_educational,professional,23509,23509,15,false,1,https://storage.googleapis.com/eleven-public-prod/database/workspace/07c4a2e91c2642b0a5a8e562d603d2b4/voices/wDkXkmTqABGFuqM5TDga/1355971d-68e3-4e73-a6b2-92dd3ded71f2.mp3,35-year-old American male with minimal accent and English teacher-level clarity.
2026-08-15,gF0lB8o9gaDnjqCxZayW,07ca5585ac926e145b63e585117328cc6e3c2c1eda477825dc5122514fc28611,Khrystyna - Sweet & Calm,uk,uk-UA,standard,female,young,gentle,narrative_story,professional,18349,18349,24,false,1,https://storage.googleapis.com/eleven-public-prod/database/workspace/74fc089d36d14c62b4e672cbc4478131/voices/gF0lB8o9gaDnjqCxZayW/bOlFylcFu3JgUkRaLfqk.mp3,"A soft, sweet, warm female voice with a calm and soothing tone. Gentle, slow-paced delivery with natural pauses and a relaxed rhythm. Warm and comforting, slightly breathy but still clear and articulate. Feels intimate, peaceful, dreamy, and reassuring, like someone softly telling you a story before bedtime. Emotionally expressive but subtle, never overly dramatic or energetic."
2026-08-15,KUqzTMhYFYqnFWfMUjfX,b78bc50c16d25c600fd8351827472211d1288c843bc738f127eea608be12d557,Luigi - Natural Italian,it,it-IT,standard,male,middle_aged,casual,narrative_story,professional,18295,18295,6,false,1,https://storage.googleapis.com/eleven-public-prod/database/workspace/5bf5d0fc0232419a8c0fa2a93e656e42/voices/KUqzTMhYFYqnFWfMUjfX/1d789cd7-3e24-4413-ab31-52847a068638.mp3,"Warm, reassuring, and versatile—ideal for audiobooks, podcasts, social media videos, meditation, e-learning, and commercials."
2026-08-15,KbHzTDrKkWZhO8WaGUeG,88dcb8e9a83e8e7dba817512faa92d0e852d6630ed3ee069aeeed535e01c55ab,"Enrique García - Warm, Natural",es,es-ES,peninsular,male,middle_aged,crisp,conversational,professional,17779,17779,18,false,1,https://api.us.elevenlabs.io/v1/voices/KbHzTDrKkWZhO8WaGUeG/previews/audio?payload=eyJ2b2ljZV9zb3VyY2UiOiJjdXN0b20iLCJ3b3Jrc3BhY2VfaWQiOiI1YTEwMDI2N2FiYjY0ZDI0YmY1YWZjNDRlZjNlOThhNCIsImZpbGVuYW1lIjoidG13MGY3ME02N0F1c1Y5TFRRTTkubXAzIiwidGltZXN0YW1wIjoxNzg2ODEzMjAwMDAwMDAwfQ%3D%3D,"Native Peninsular Spanish male voice with a clear, warm and natural delivery. Versatile for conversational content, narration, documentaries, e-learning, customer service, AI assistants and commercial voice-over."
2026-08-15,2cSdN5zhDhPvHMEZsZpm,4f98c20e90c2e2c4545a42d3f4f0f23b8ce197b73d3e4e18989d5c62f98414df,Tu - Young & Friendly,vi,vi-VN,northern,male,young,confident,social_media,professional,17385,17385,23,false,1,https://storage.googleapis.com/eleven-public-prod/database/workspace/556d6a91caba4105a2e2dc149494fb7e/voices/2cSdN5zhDhPvHMEZsZpm/kBi0tHJeHaU7K6O4dDOP.mp3,"Engaging, versatile voice with a clear, confident delivery, ideal for narration, social media content, and advertising."
2026-08-15,Mk2qrdYd4NGqn3AdOEbL,45b391808c1d816c57a8194f6b4c3b08e5599675a26bdcffacf2a85d8bb70ce1,Chisa,ja,ja-JP,kanto,female,middle_aged,calm,narrative_story,professional,12890,12890,26,false,1,https://storage.googleapis.com/eleven-public-prod/database/workspace/5ec97ef545d2456d9f5bf19ed237d984/voices/Mk2qrdYd4NGqn3AdOEbL/58d5cdd7-4968-4f6a-b685-351dd40614b9.mp3,"Gentle voice of a composed, middle-aged woman."
2026-08-15,B7s9nBTebG1UPS261iKd,d62015b3c42d1f73f1129743b66430d6573b5dd3ecaa4f86fd6536fddc56e2e9,Karol,id,jv-ID,javanese,male,young,casual,narrative_story,professional,12849,2273,13,false,1,https://storage.googleapis.com/eleven-public-prod/database/workspace/7d23e83f3ccb463397c4a8d9d5b44b43/voices/B7s9nBTebG1UPS261iKd/413b731d-0be0-4b56-aa37-1ae0d600bb5b.mp3,Local Mid Javanese male voice.
2026-08-15,ge7asnnNxegbDL3cxU3L,9574d11851fbb0f0ac297f85e4beed98643472e6cd695d90535d384421e74b43,Firozé,en,en-GB,british,female,middle_aged,classy,narrative_story,professional,12445,12445,17,false,1,https://storage.googleapis.com/eleven-public-prod/database/workspace/c1bc12b5acb841048e5b4200d076a617/voices/ge7asnnNxegbDL3cxU3L/c6a5525e-fe91-46ba-accc-470b84f32e8c.mp3,Melodic Professional Female voice.
2026-08-15,8zHuDw1bbkbkL93Inv5N,4547a1ba5572295f7e5ed6068f3bea52278e15875626689d9e1b20204dae6bda,Sujin - Bright & Energentic,ko,ko-KR,seoul,female,young,confident,social_media,professional,11957,11957,47,false,1,https://storage.googleapis.com/eleven-public-prod/database/workspace/241dcaebd6a449ac945f0d11eda29ad8/voices/8zHuDw1bbkbkL93Inv5N/86a0a34f-38f7-42be-a002-49d3d956bfa8.mp3,"Early 30s; clear, articulate, and confident voice; solo entrepreneur."
2026-08-15,7ZcxZu07uELjbsi5gngR,78ccb6c23a10e8741b4cbd50e6f9ec6cffe59b0b5d7a63cdef9fb87c4cc70842,"Kamil - Calm, Friendly & Confident",pl,pl-PL,standard,male,middle_aged,calm,unknown,professional,11265,11265,19,false,1,https://api.us.elevenlabs.io/v1/voices/7ZcxZu07uELjbsi5gngR/previews/audio?payload=eyJ2b2ljZV9zb3VyY2UiOiJjdXN0b20iLCJ3b3Jrc3BhY2VfaWQiOiI3MDNmY2FjOTY2OTI0YjRkYTc4N2RjMDA0YzI1OTBiYiIsImZpbGVuYW1lIjoiQ3M1clYwTnVyQnRDTnowaER5MmYubXAzIiwidGltZXN0YW1wIjoxNzg2ODEzMjAwMDAwMDAwfQ%3D%3D,"A clear, confident male voice with a natural Polish accent — steady pacing, warm but authoritative tone, recorded on studio-grade equipment. Well suited for narration, business/corporate content, explainer videos, and voiceover work in Polish."
2026-08-15,EnoJqu40ukYWtXqxqUpl,7398804d9eaf2f463899a907587c33a390591775784f87857b6d0e1e4e3e66f6,Chente - Late-Night Spanish Companion,es,es-MX,mexican,female,young,calm,narrative_story,professional,10993,10993,13,false,1,https://api.us.elevenlabs.io/v1/voices/EnoJqu40ukYWtXqxqUpl/previews/audio?payload=eyJ2b2ljZV9zb3VyY2UiOiJjdXN0b20iLCJ3b3Jrc3BhY2VfaWQiOiJlZDliMDVlNjMyNGM0NTc2ODU0OTAzNTJlOWExZWM5MCIsImZpbGVuYW1lIjoiNXdjUjBDM2VnTGVFTUlqUDdtZFYubXAzIiwidGltZXN0YW1wIjoxNzg2ODEzMjAwMDAwMDAwfQ%3D%3D,"Warm, expressive, and naturally engaging — Chente carries a conversation the way someone genuinely interested would, present and reactive rather than scripted. His animated, responsive delivery adjusts to mood and topic, from playful to reassuring. Built for AI companion apps and voice chat platforms. Ideal for companion apps and social voice platforms serving Mexican Spanish-speaking audiences."
2026-08-15,XhNoZdIdYwNiurY6u2cx,f945392d6d8f6bfcb513d3f688bcc4c584b4f8e41707164c2b46169af63f6b68,Julian - Calm & Friendly,fr,fr-FR,standard,male,middle_aged,gentle,narrative_story,professional,9164,9164,7,false,1,https://api.us.elevenlabs.io/v1/voices/XhNoZdIdYwNiurY6u2cx/previews/audio?payload=eyJ2b2ljZV9zb3VyY2UiOiJjdXN0b20iLCJ3b3Jrc3BhY2VfaWQiOiJmZmQ4NzM5YThkODE0NmE4OWVhZDlhMGIxYmZhZjNhNiIsImZpbGVuYW1lIjoiNGJjNTRmNDQtZDQwMi00NDhmLTk1OWYtOGQ0N2I0ZTU5MDQ1Lm1wMyIsInRpbWVzdGFtcCI6MTc4NjgxMzIwMDAwMDAwMH0%3D,"A warm voice with a natural, poised tone. Ideal for narration, podcasts, or any content requiring a reassuring and authentic presence."
2026-08-15,cz6BthKua9rUi18TSzUf,c4073bf7717deda52538d246cae286548212a3f1a3a3a19285296de42a8d733b,"Gerry - Young, Deep & Balanced",it,it-IT,standard,male,young,casual,social_media,professional,8231,8231,25,false,1,https://storage.googleapis.com/eleven-public-prod/database/workspace/f45c8bdc422e4f0e8ee1660f93de9f35/voices/cz6BthKua9rUi18TSzUf/Do71N6GByHr1wJwWzTXW.mp3,"Young but deep and low tone, ideal for Faceless videos dedicated to sensational and impactful stories."
2026-08-15,pwONJQic3ZwHTFG8D6uM,77e7d973fe83bd26a1930ab0bfa3aa26ae731a750a9634af29df0c5ea9e56790,Jm - Podcast & Radio,fr,fr-FR,standard,male,middle_aged,pleasant,entertainment_tv,professional,8098,8098,14,false,1,https://api.us.elevenlabs.io/v1/voices/pwONJQic3ZwHTFG8D6uM/previews/audio?payload=eyJ2b2ljZV9zb3VyY2UiOiJjdXN0b20iLCJ3b3Jrc3BhY2VfaWQiOiJlOGQwNjUwM2ZjYmQ0NzEyYjY4ZjI1MmRjZDA1MWZmZiIsImZpbGVuYW1lIjoiMjFPWHBlMXlrOVF0THhobUswdkYubXAzIiwidGltZXN0YW1wIjoxNzg2ODEzMjAwMDAwMDAwfQ%3D%3D,Ideal radio voice.
2026-08-15,K03P46eiU2GnWEx7dtcV,ca43392e649153d87f99ba57cc89a7a27dbb7f35503635c9ab31ea13a832e45f,TBM - Confident Narrator,tr,tr-TR,standard,male,middle_aged,professional,social_media,professional,7113,6910,20,false,1,https://storage.googleapis.com/eleven-public-prod/database/workspace/4ca14302cc6541529d2f66000483f361/voices/K03P46eiU2GnWEx7dtcV/8c64d55d-ab42-41fc-9b89-5c91c243c106.mp3,"A resonant, authoritative, and serious voice with a commanding tone. An ideal narrator profile for global defense industry analyses, military technology presentations, nature and camping documentaries, and news broadcasts."
2026-08-15,9OkfZUfSSXvew1flIzTP,1419ce9aa6d98535c0de132d52b754922c4de26fb2fc26000201b10ab70391c0,"Henry Nguyen - Warm, active & friendly",vi,vi-VN,southern,male,middle_aged,confident,social_media,professional,6616,6616,22,false,1,https://storage.googleapis.com/eleven-public-prod/database/workspace/30328818574f43edbcaaf4537b507384/voices/9OkfZUfSSXvew1flIzTP/5daf186e-f483-4db5-91d2-d85758b395e1.mp3,"A deep, warm, and powerful male voice, suitable for news reading."
2026-08-15,1EoY2TCAb6c0dNf9nl9s,c66c5473c5fb53dbf0438e9909170daf4ba3793e7b9595e32c845dc8e9930b51,Dieter,de,de-DE,standard,male,middle_aged,mature,unknown,professional,6586,6586,6,false,1,https://storage.googleapis.com/eleven-public-prod/database/workspace/46e3843973834caca8bf217c03286461/voices/1EoY2TCAb6c0dNf9nl9s/adebe4b9-fd13-4d6c-9572-377fad866c22.mp3,Friendly and authentic.
2026-08-15,SeP2zIpx6zw2aAs6ZXFW,5ffafa10158dd6ab37d5c6fcb81a4ad35b84d8aa8ce020e147442e8cb8f0a410,Ali - Arabic,ar,ar-SA,modern standard,male,young,serious,conversational,professional,6533,6533,23,false,1,https://storage.googleapis.com/eleven-public-prod/database/workspace/451b9c156752453ead7ac507fbd4dfd2/voices/SeP2zIpx6zw2aAs6ZXFW/ecfcdd83-eb72-4a52-bc75-efc88ce2a82a.mp3,A youthful Arab male voice suitable for most needs.
2026-08-15,cr2lC2WaRs7cWjykJZFc,1a9bdea5c2c5865e743f3a20cbfb1d944c03bbf35625e86a9bb59ed5835033ca,Ozgur Polat - Professional,tr,tr-TR,istanbul,male,young,classy,characters_animation,professional,6262,6262,16,false,1,https://storage.googleapis.com/eleven-public-prod/database/workspace/fe6ef583c60b4602bc4c8be16a5da61b/voices/cr2lC2WaRs7cWjykJZFc/16b7a315-1f0f-4892-9b11-d35a35d29c21.mp3,Professional Turkish male voice storyteller.
2026-08-15,38MHXzmSw9iPkxbMFI6x,48af2dc9c054d7dc3f4e3a605fdb01ec3b7a43b84506d2528cd94a580f5c72a8,Jan - Calm & Empathetic,de,de-DE,standard,male,young,gentle,narrative_story,professional,6090,6090,4,false,1,https://api.us.elevenlabs.io/v1/voices/38MHXzmSw9iPkxbMFI6x/previews/audio?payload=eyJ2b2ljZV9zb3VyY2UiOiJjdXN0b20iLCJ3b3Jrc3BhY2VfaWQiOiI1YzhiMTcyOTg2Yzc0ZTNkOTNjMzljMDE5MzgyYjJmMiIsImZpbGVuYW1lIjoiNDc0YTQ2ZjUtZWQ3NS00ZDliLTllOWQtMWY1YWVhNzhmYWJmLm1wMyIsInRpbWVzdGFtcCI6MTc4NjgxMzIwMDAwMDAwMH0%3D,Suitable for content creation and for use in simple and personal projects.
2026-08-15,x1DwQcxVl9qhKrzLr9zG,f967dc1d5c639b6e07e1caa49bd0d19e35e455c0631087ee57ac16099fbcb6f4,Atlas - Warm Austrian German Male,de,de-DE,standard,male,middle_aged,chill,conversational,professional,5554,5554,4,false,1,https://api.us.elevenlabs.io/v1/voices/x1DwQcxVl9qhKrzLr9zG/previews/audio?payload=eyJ2b2ljZV9zb3VyY2UiOiJjdXN0b20iLCJ3b3Jrc3BhY2VfaWQiOiI4YTMyNzE4ZDMwZDg0Zjk2YThlNGI3MWJjNWRmMjQzNyIsImZpbGVuYW1lIjoiOGE2YmM2MDUtNjY1YS00Y2Q4LWJkMDUtOTI1MWQ4MTQ4ODE3Lm1wMyIsInRpbWVzdGFtcCI6MTc4NjgxMzIwMDAwMDAwMH0%3D,"Warm and natural Austrian German male voice with a calm, friendly and trustworthy tone. Clear and expressive, ideal for narration, storytelling, podcasts, documentaries and conversational content."
2026-08-15,oJCWqTuxfe5HuaLcPPdq,bf9dba01f5e1de9fe782be36d5622b9c2fcddeebfe0253c0db052277a5fb3862,Haruto - Natural & Friendly,ja,ja-JP,standard,male,young,calm,conversational,professional,5008,5008,10,false,1,https://storage.googleapis.com/eleven-public-prod/database/workspace/e13e063f0e5243e5a220dd33e842e15e/voices/oJCWqTuxfe5HuaLcPPdq/98a4316e-4931-4af7-bd45-96d4fe15a09d.mp3,"A Japanese male voice with a natural, conversational tone — standard Japanese, casual yet polite, friendly without being overly familiar. Captures real dialogue nuance, including backchannel responses (""uh-huh,"" ""right"") and natural hesitations, not scripted delivery. Well suited for AI chatbots, customer support, podcast conversations, and character dialogue in apps or games. Ranges from calm explanations to lively small talk."
2026-08-15,dkToqZkFQMLacOHpSKWM,3f401fc02dfa46ab0da85f187badafa2544889d40d725ac1201a2efa25d4ca0e,"Eli - Bright, Friendly & Positive voice",es,es-AR,latin american,female,young,gentle,social_media,professional,4910,4910,12,false,1,https://storage.googleapis.com/eleven-public-prod/database/workspace/69e6d2327fbb4894a2ab506e3fe72a64/voices/dkToqZkFQMLacOHpSKWM/jJBcfgOQstv1Pm6R7zED.mp3,"A warm, friendly, and positive female voice in Latin American Spanish. Perfect for commercials, storytelling, audiobooks, meditation, educational content, and uplifting narration. Natural, expressive, and engaging tone that easily connects with the audience."
2026-08-15,LPfVDNIbutMazyzqW517,17d8fb5b93a7c6694a9a059616763213a1e4c75c5cc92ad31c5d217356456d76,André - Calm guidance to the mind,pt,pt-BR,brazilian,male,middle_aged,calm,conversational,professional,4909,4909,12,false,1,https://storage.googleapis.com/eleven-public-prod/database/workspace/73ddc92687eb4701bb89e743a42e6b1a/voices/LPfVDNIbutMazyzqW517/b05b11ee-ee89-4453-a78e-63234c6f8143.mp3,"A clone of my own voice, in Portuguese, for creating meditation and hypnosis audio."
2026-08-15,AoFekbtlXW3k80iFF4rG,12c86b6bb46d1fdb3429c53718d96913b09537a24e8880224811196dd72f1782,Matryoshka,ru,ru-RU,standard,female,middle_aged,confident,conversational,professional,4273,4273,7,false,1,https://storage.googleapis.com/eleven-public-prod/database/workspace/03ec955dc4a24ecdb7c239c0e5d4a9d3/voices/AoFekbtlXW3k80iFF4rG/dmBzPONlaTlJLlJ2sQlq.mp3,Professional Female Voice.
2026-08-15,2i0GcRXrlXbuYOoRygHv,602b6334000fe7c40d1a8396ae9b3c15ea14837fe5a5273e43b657fce8ffad97,Chris,zh,cmn-CN,standard,male,young,casual,narrative_story,professional,3886,3886,15,false,1,https://storage.googleapis.com/eleven-public-prod/database/workspace/8e94ab1ddf164a7da4b6ff03dfd9cfbd/voices/2i0GcRXrlXbuYOoRygHv/d56d519e-3fcb-422c-b991-c7d11013961f.mp3,"Natural-sounding, gentle voice; suitable for cognitive-focused audio content."
2026-08-15,b9d91X97oYW3JwsztH2K,ce8cbdd3555d82448726d6c481254629696d454ee76da6eb06f4a21cf9172c57,Osama,ar,Unknown,libyan,male,middle_aged,casual,entertainment_tv,professional,3780,3780,12,false,1,https://storage.googleapis.com/eleven-public-prod/database/workspace/12753349ee5640f9bc8026ae0a0904f2/voices/b9d91X97oYW3JwsztH2K/5be70ced-bae1-4f74-b2f6-4bfc40be5c89.mp3,Energetic and  Friendly
2026-08-15,13vs5jR6esVl4YhGsMsm,7398804d9eaf2f463899a907587c33a390591775784f87857b6d0e1e4e3e66f6,Jeet - Interactive Romantic Companion,hi,hi-IN,standard,male,middle_aged,calm,conversational,professional,3563,3563,14,false,1,https://api.us.elevenlabs.io/v1/voices/13vs5jR6esVl4YhGsMsm/previews/audio?payload=eyJ2b2ljZV9zb3VyY2UiOiJjdXN0b20iLCJ3b3Jrc3BhY2VfaWQiOiJlZDliMDVlNjMyNGM0NTc2ODU0OTAzNTJlOWExZWM5MCIsImZpbGVuYW1lIjoiRjZoME9aYnlPdWdrb0s2bVZmdW0ubXAzIiwidGltZXN0YW1wIjoxNzg2ODEzMjAwMDAwMDAwfQ%3D%3D,"Warm, responsive, and naturally engaging — Jeet reacts in real time rather than following a fixed script, adjusting tone based on what's actually being said in the moment. His attentive, conversational delivery suits late-night chats and everyday check-ins equally well. Built for AI companion apps and voice chat platforms. Ideal for companion apps and social voice platforms serving Hindi-speaking audiences."
2026-08-15,cQBwjaYSTY9mh3fUvHS3,03c643b5c49d21ede4e08088795f23798619015405685ea5941dc95aa26bd8ed,"Savely - e-learning, documentary",ru,ru-RU,standard,male,middle_aged,neutral,informative_educational,professional,2357,2357,6,false,1,https://storage.googleapis.com/eleven-public-prod/database/workspace/c39853eda6ae4b1b90a7f97a0ca8c372/voices/cQBwjaYSTY9mh3fUvHS3/728c2a08-a996-49ed-9d68-10fc80b788ae.mp3,"Male voice with a warm, confident, and natural tone. Clear diction, neutral accent, and expressive delivery shaped by years of experience in radio and commercial voice-over. Ideal for advertisements, documentaries, e-learning, narration, corporate videos, audiobooks, and podcasts. Sounds trustworthy, intelligent, and conversational while remaining highly versatile for both energetic promotional reads and calm storytelling."
2026-08-15,2FOBzGBWh4YOCfAgsDr6,e394cadff1a6c020fc8b1ffb9fa2a703787173b186741ee63d0f6ccf24899667,Dr. Quang,vi,vi-VN,central,male,middle_aged,calm,social_media,professional,2040,2040,3,false,1,https://storage.googleapis.com/eleven-public-prod/database/workspace/ac25d0ea0d224fc2925da981de56a7fe/voices/2FOBzGBWh4YOCfAgsDr6/7fae8695-af67-4abe-ae2b-1c2306a8bf4e.mp3,Works well for social media.
2026-08-15,OQ6Jou0A0zdrPfupfXh4,721ff76fe74c43726049a60b4756e5095eac99dcef97aaf9d99dadc003356149,Paweł - Calm & Friendly,pl,pl-PL,standard,male,middle_aged,casual,conversational,professional,1744,1744,12,false,1,https://storage.googleapis.com/eleven-public-prod/database/workspace/fda41d85c3884d569b7ad394ffc27da7/voices/OQ6Jou0A0zdrPfupfXh4/3119b78a-ace0-49bf-9606-49ceacc18e8c.mp3,"A natural, clear, and versatile voice that works well for both professional and more casual content. It sounds authentic and friendly, avoiding an overly salesy tone. Suitable for customer service, narration, product presentations, informational materials, instructions, and social media content."
2026-08-15,KEfgYpiKb0voyP2fp1EZ,a4e4012f8e1907a72269d1dd9789e10d1cda7886863f61a93f13f22eb3df161d,Sergei S.,ru,ru-RU,standard,male,young,calm,narrative_story,professional,1381,1381,8,false,1,https://storage.googleapis.com/eleven-public-prod/database/workspace/511b41e0a3d743beb36cb8dbdd38c312/voices/KEfgYpiKb0voyP2fp1EZ/62e0f782-f60c-459e-a43d-4636f6a57572.mp3,Сalm voice for storytelling.
2026-08-15,diwmCoikrXSjiTKbIHz9,7398804d9eaf2f463899a907587c33a390591775784f87857b6d0e1e4e3e66f6,Devi - Patient & Real Support,hi,hi-IN,standard,female,young,calm,conversational,professional,1364,1364,10,false,1,https://storage.googleapis.com/eleven-public-prod/database/workspace/ed9b05e6324c457685490352e9a1ec90/voices/diwmCoikrXSjiTKbIHz9/IGB52etcLsPUpFGGA0Av.mp3,"Composed, expressive, and consistently measured — Devi handles customer care calls with a range of emotional tone, from concern to reassurance, without raising volume or sounding performative. Her controlled, professional delivery keeps queries and complaints steady and easy to follow. Built for customer support, helpdesk, and call center scripts. Ideal for BFSI, ecommerce, and service industry customer care teams."
2026-08-15,ZkghUkL4ZyogQtQ5KFG8,d5c60e154f9d8990975fcafcf7a42414d90c31fa5f730c8e916f99d1bc18c104,CoachD,it,it-IT,standard,male,middle_aged,confident,informative_educational,professional,850,850,5,false,1,https://storage.googleapis.com/eleven-public-prod/database/workspace/130f78ed2c6949a7833c082e5201d1bf/voices/ZkghUkL4ZyogQtQ5KFG8/2cea4c34-7f4a-4175-961b-f13fe47ded3e.mp3,"The warm, inspiring voice of a professional educator."
2026-08-15,43Uhccn5Ya1ucn5KRLVJ,219e2c24fb2ce1f2a9727325609ced8e5548e2320fdd30d5f0e774c19e0604f8,Midnight Asmr - Soft Whisper,ko,ko-KR,standard,male,young,calm,narrative_story,professional,596,596,6,false,1,https://storage.googleapis.com/eleven-public-prod/database/workspace/57d5da017adf44a587be0e6741a5245b/voices/43Uhccn5Ya1ucn5KRLVJ/44dd801a-221c-4fba-89c7-4f410a416919.mp3,"A very soft, quiet Korean male whispering voice with a gentle, intimate, breathy, and calming tone. Close-mic and soothing in character, ideal for ASMR, meditation, sleep stories, relaxing narration, and late-night content."
2026-08-15,IWM8zK6oPbOA32Tb7RDj,cd9aacc93209ea0670177d81f20b4ea46f7f9a6051fba3dc8f41fec1d4791595,Senen,ar,ar-SA,modern standard,male,middle_aged,mature,informative_educational,professional,574,574,8,false,1,https://storage.googleapis.com/eleven-public-prod/database/workspace/3159ab5d676c4cfba2b1c645e27ae44f/voices/IWM8zK6oPbOA32Tb7RDj/723a27f6-41b5-4b63-9478-437e72d795c4.mp3,E-learning and Educational content.
2026-08-15,2z4pujvcLHrr5ilDhLnD,64cbc624eb5aab4e95a968e1f41d75402277cca6e549036ed17e56ea33bbbc9e,Karin - Steady and grounded,sv,sv-SE,standard,female,middle_aged,pleasant,narrative_story,high_quality,0,0,361,false,1,https://storage.googleapis.com/eleven-public-prod/database/workspace/1da06ea679a54975ad96a2221fe6530d/voices/2z4pujvcLHrr5ilDhLnD/0bb0336e-142a-4e98-ae71-f3b943c50023.mp3,"A calm, balanced voice of a Swedish female with a consistent rhythm, clear articulation, and a soft, reliable tone."
